{
  "folio": "f85v_86r",
  "paraNum": 39,
  "imageWH": [
    3600,
    6548
  ],
  "gallows": [
    {
      "id": 1,
      "shape": "poly",
      "polygon": [
        [
          2438.5473096330243,
          4483.001934311258
        ],
        [
          2389.8090373368714,
          4401.069867862012
        ],
        [
          2323.4168149285633,
          4452.94115694146
        ],
        [
          2355.0907388674273,
          4524.203237876959
        ],
        [
          2330.151844476603,
          4567.68975321648
        ],
        [
          2335.826731587621,
          4611.260276706594
        ],
        [
          2356.5327797338905,
          4632.177117579702
        ],
        [
          2394.9370991186734,
          4608.718406378872
        ],
        [
          2423.9408234528637,
          4562.056097830406
        ],
        [
          2440.453712378816,
          4527.334709959548
        ]
      ],
      "x1": 2323.4168149285633,
      "y1": 4401.069867862012,
      "x2": 2440.453712378816,
      "y2": 4632.177117579702,
      "tokenIdx": 0,
      "token": "okas",
      "wordVec": [
        2445.1493758019915,
        4329.467120222014,
        2157.308701981195,
        4558.716922422393
      ],
      "review": true,
      "attribute": [
        "k-3"
      ]
    }
  ],
  "freeVecs": [
    {
      "a": [
        2139.271308738892,
        4585.901341562799
      ],
      "e": [
        1734.227265867362,
        4871.808283219223
      ],
      "tokenIdx": 1,
      "token": "oedady"
    }
  ],
  "tokenVecs": [
    {
      "tokenIdx": 0,
      "token": "okas",
      "a": [
        2445.1493758019915,
        4329.467120222014
      ],
      "e": [
        2157.308701981195,
        4558.716922422393
      ],
      "source": "gallow",
      "gallowId": 1
    },
    {
      "tokenIdx": 1,
      "token": "oedady",
      "a": [
        2139.271308738892,
        4585.901341562799
      ],
      "e": [
        1734.227265867362,
        4871.808283219223
      ],
      "source": "free"
    }
  ],
  "savedAt": "2026-07-14T19:35:19.652Z",
  "attributedBy": "Blonzao"
}