{
  "folio": "f85v_86r",
  "paraNum": 13,
  "imageWH": [
    3600,
    3553
  ],
  "gallows": [
    {
      "id": 1,
      "shape": "poly",
      "polygon": [
        [
          2699.914496870967,
          2671.253471011123
        ],
        [
          2689.267985544008,
          2629.3484244690235
        ],
        [
          2659.421309205544,
          2601.0146414652245
        ],
        [
          2487.199788409749,
          2762.3569105901747
        ],
        [
          2513.504024278325,
          2848.7829117564434
        ],
        [
          2601.3987981893624,
          2883.1868021324067
        ],
        [
          2641.129142548355,
          2852.274834997337
        ],
        [
          2720.6780724461314,
          2785.3955669226443
        ],
        [
          2732.868804419456,
          2738.832271885056
        ],
        [
          2714.6834129755625,
          2694.2671966709913
        ]
      ],
      "x1": 2487.199788409749,
      "y1": 2601.0146414652245,
      "x2": 2732.868804419456,
      "y2": 2883.1868021324067,
      "tokenIdx": 1,
      "token": "octhey",
      "wordVec": [
        2718.969506834587,
        2521.1440741599786,
        2341.938098578442,
        2868.7238632876497
      ],
      "inclination": 47.32748980604515,
      "ringCenter": {
        "cx": 1806.4834527362145,
        "cy": 1784.9042272798235
      },
      "attribute": [
        "t-1"
      ]
    },
    {
      "id": 2,
      "shape": "poly",
      "polygon": [
        [
          1350.5317998305384,
          2837.4261710964183
        ],
        [
          1458.7130639496825,
          2746.651312273753
        ],
        [
          1397.8608527438473,
          2688.035551267595
        ],
        [
          1335.9235241952583,
          2714.338095727157
        ],
        [
          1230.023803889284,
          2735.5255749441963
        ],
        [
          1161.995317872015,
          2787.941153365078
        ],
        [
          1192.1382997331045,
          2834.9882245420927
        ],
        [
          1302.8237259207463,
          2875.124448765425
        ]
      ],
      "x1": 1161.995317872015,
      "y1": 2688.035551267595,
      "x2": 1458.7130639496825,
      "y2": 2875.124448765425,
      "tokenIdx": 4,
      "token": "arkeeody",
      "wordVec": [
        1582.2749155645483,
        2871.658464338244,
        1153.8218289337442,
        2402.763200035001
      ],
      "inclination": 137.58049078334363,
      "ringCenter": {
        "cx": 1806.4834527362145,
        "cy": 1784.9042272798235
      },
      "attribute": [
        "k-2"
      ]
    },
    {
      "id": 3,
      "shape": "poly",
      "polygon": [
        [
          1070.519324164623,
          1565.2075063951247
        ],
        [
          1126.3450410280584,
          1618.5286118489496
        ],
        [
          1170.7513444348,
          1563.346623890257
        ],
        [
          1137.9753671128324,
          1506.5688628746846
        ],
        [
          1157.6301141420313,
          1461.0600908068943
        ],
        [
          1137.930986383116,
          1416.600765510555
        ],
        [
          1099.4588515377786,
          1405.040743635141
        ],
        [
          1059.3909436355614,
          1470.6630024884362
        ],
        [
          1020.2664387255998,
          1504.6734157302917
        ],
        [
          1047.531247672634,
          1549.6617849922973
        ],
        [
          1058.0862035063133,
          1561.803872722975
        ]
      ],
      "x1": 1020.2664387255998,
      "y1": 1405.040743635141,
      "x2": 1170.7513444348,
      "y2": 1618.5286118489496,
      "tokenIdx": 7,
      "token": "oekairy",
      "wordVec": [
        1031.0778628473859,
        1748.7150416242084,
        1427.7810584323363,
        1384.9174407594448
      ],
      "inclination": -132.522452999261,
      "ringCenter": {
        "cx": 1806.4834527362145,
        "cy": 1784.9042272798235
      },
      "attribute": [
        "k-1"
      ]
    },
    {
      "id": 4,
      "shape": "poly",
      "polygon": [
        [
          1554.2492839619665,
          1273.5868986823612
        ],
        [
          1544.4562666083682,
          1342.7046955225555
        ],
        [
          1632.0956231484374,
          1341.529453923861
        ],
        [
          1655.2445341384564,
          1278.6499011806413
        ],
        [
          1697.5026256276974,
          1248.6217677551635
        ],
        [
          1696.91500482835,
          1204.8020894851288
        ],
        [
          1634.0847581111677,
          1190.7680660234855
        ],
        [
          1543.2769734965739,
          1189.506366912015
        ],
        [
          1514.765172338952,
          1233.1328725910003
        ]
      ],
      "x1": 1514.765172338952,
      "y1": 1189.506366912015,
      "x2": 1697.5026256276974,
      "y2": 1342.7046955225555,
      "wordVec": [
        1454.6717540012578,
        1336.1787182955566,
        2031.843720772551,
        1486.6118579349118
      ],
      "tokenIdx": 8,
      "token": "ytodaro",
      "inclination": -75.39153114743368,
      "ringCenter": {
        "cx": 1806.4834527362145,
        "cy": 1784.9042272798235
      },
      "attribute": [
        "t-1"
      ]
    },
    {
      "id": 5,
      "shape": "poly",
      "polygon": [
        [
          2175.7070833420526,
          1524.7976378453895
        ],
        [
          2071.559667125006,
          1562.7041973241278
        ],
        [
          2072.7886285500927,
          1586.9871432714917
        ],
        [
          2125.4799019630786,
          1590.6370124437276
        ],
        [
          2198.322570621333,
          1566.0267762926196
        ],
        [
          2245.072781705699,
          1621.2995179627073
        ],
        [
          2291.1930891179272,
          1612.1224069694977
        ],
        [
          2337.6283483662246,
          1635.1702223079367
        ],
        [
          2372.5953034649287,
          1611.0293293190132
        ],
        [
          2367.2347913377457,
          1559.7152394733928
        ],
        [
          2278.77376027629,
          1447.3355677713425
        ],
        [
          2229.1394674664284,
          1452.0846837779009
        ],
        [
          2158.260701760814,
          1403.6916907608015
        ],
        [
          2113.2149644475567,
          1431.5009604734737
        ],
        [
          2121.3236745256327,
          1479.912461042086
        ],
        [
          2162.250199504469,
          1466.9187511828493
        ]
      ],
      "x1": 2071.559667125006,
      "y1": 1403.6916907608015,
      "x2": 2372.5953034649287,
      "y2": 1635.1702223079367,
      "tokenIdx": 9,
      "token": "opalshy",
      "wordVec": [
        2029.6944558218001,
        1499.9464800642645,
        2181.190979145988,
        1994.5787652079348
      ],
      "inclination": -17.02883673804942,
      "ringCenter": {
        "cx": 1806.4834527362145,
        "cy": 1784.9042272798235
      },
      "attribute": [
        "p-1"
      ]
    },
    {
      "id": 6,
      "shape": "poly",
      "polygon": [
        [
          1574.9915043206324,
          2443.587922792021
        ],
        [
          1617.5433257519323,
          2348.434774105706
        ],
        [
          1557.7571981288456,
          2330.430403331358
        ],
        [
          1502.884674169108,
          2404.0211707564586
        ],
        [
          1425.2225198687668,
          2416.978986424572
        ],
        [
          1406.7391624032139,
          2484.7451540038765
        ],
        [
          1442.7604914547028,
          2511.734515316814
        ],
        [
          1536.3185536189326,
          2514.1466436214223
        ]
      ],
      "x1": 1406.7391624032139,
      "y1": 2330.430403331358,