{
  "folio": "f85v_86r",
  "paraNum": 21,
  "imageWH": [
    3600,
    3600
  ],
  "gallows": [
    {
      "id": 1,
      "shape": "poly",
      "polygon": [
        [
          267.702052730803,
          1567.669672631295
        ],
        [
          275.17072758911917,
          1620.9674916204208
        ],
        [
          297.24380696167725,
          1606.7698851970126
        ],
        [
          304.3676962145337,
          1565.7538867001658
        ],
        [
          331.7873552450079,
          1554.6009467411686
        ],
        [
          342.8106492932044,
          1519.7774358077786
        ],
        [
          368.12587397405576,
          1495.3376202863146
        ],
        [
          356.6634701111526,
          1447.5366976943637
        ],
        [
          342.1740606346158,
          1442.0486317225775
        ],
        [
          306.5606343256967,
          1450.6078554349401
        ],
        [
          294.47629267729997,
          1460.3047901059726
        ],
        [
          298.7883160111815,
          1493.672295751398
        ],
        [
          278.6516933982109,
          1483.2414382348486
        ],
        [
          266.81199269831995,
          1482.1980514854254
        ],
        [
          264.4245857209561,
          1503.9793278048546
        ],
        [
          264.18877519783905,
          1533.2027877064345
        ],
        [
          199.35188898734003,
          1541.5262008956797
        ],
        [
          208.90733734450222,
          1571.144618485024
        ]
      ],
      "x1": 199.35188898734003,
      "y1": 1442.0486317225775,
      "x2": 368.12587397405576,
      "y2": 1620.9674916204208,
      "tokenIdx": 0,
      "token": "ofaraiin",
      "wordVec": [
        212.28795898898437,
        1641.6287178319567,
        647.7750090413762,
        1608.6505489342442
      ],
      "inclination": -90,
      "ringCenter": {
        "cx": 1802.7211728814532,
        "cy": 1801.691383679187
      },
      "attribute": [
        "f-3"
      ]
    },
    {
      "id": 2,
      "shape": "poly",
      "polygon": [
        [
          370.13080738544176,
          2119.122845040004
        ],
        [
          387.0976005406862,
          2193.9586028193303
        ],
        [
          450.0010848650898,
          2167.8985838394874
        ],
        [
          440.47532525508853,
          2135.9736670722314
        ],
        [
          431.63639458395403,
          2084.742935931509
        ],
        [
          449.28479156028703,
          2050.7955606084165
        ],
        [
          427.3752105795792,
          2008.4660276477503
        ],
        [
          389.3016365055103,
          2017.1751981832645
        ],
        [
          350.4979801140347,
          2040.8044640700273
        ],
        [
          358.60682846776297,
          2106.9552905619985
        ]
      ],
      "x1": 350.4979801140347,
      "y1": 2008.4660276477503,
      "x2": 450.0010848650898,
      "y2": 2193.9586028193303,
      "tokenIdx": 1,
      "token": "okolar",
      "wordVec": [
        320.34645186692893,
        2230.1447035909605,
        681.47360458437,
        2111.6661361414285
      ],
      "inclination": -108.1636246745775,
      "ringCenter": {
        "cx": 1802.7211728814532,
        "cy": 1801.691383679187
      },
      "attribute": [
        "k-1"
      ]
    },
    {
      "id": 3,
      "shape": "poly",
      "polygon": [
        [
          754.9782081298694,
          2843.5475262539057
        ],
        [
          824.4554919912058,
          2859.2174428616727
        ],
        [
          841.6539054290141,
          2815.003489948319
        ],
        [
          830.324942584619,
          2790.1046818178484
        ],
        [
          770.8676714293126,
          2785.250064105283
        ],
        [
          742.476941261253,
          2750.1904321487928
        ],
        [
          702.7655782604901,
          2743.2274131028444
        ],
        [
          691.2999693019515,
          2772.7033817117467
        ],
        [
          700.0939324471491,
          2834.9897698237683
        ]
      ],
      "x1": 691.2999693019515,
      "y1": 2743.2274131028444,
      "x2": 841.6539054290141,
      "y2": 2859.2174428616727,
      "tokenIdx": 2,
      "token": "okchdy",
      "wordVec": [
        833.2494551364034,
        2921.5038309736933,
        869.7834388469389,
        2573.906194987027
      ],
      "inclination": -174.00000000000003,
      "ringCenter": {
        "cx": 1802.7211728814532,
        "cy": 1801.691383679187
      },
      "attribute": [
        "k-3"
      ]
    },
    {
      "id": 4,
      "shape": "poly",
      "polygon": [
        [
          1742.488149422749,
          3280.1439935703384
        ],
        [
          1742.488149422749,
          3280.1439935703384
        ],
        [
          1806.1993292416075,
          3276.4523282444684
        ],
        [
          1810.8995482693008,
          3225.8808235368947
        ],
        [
          1736.0834608067526,
          3228.736562017107
        ],
        [
          1720.4985327215636,
          3204.334308239006
        ],
        [
          1688.3320875157947,
          3193.6934401648696
        ],
        [
          1651.6260854720665,
          3206.5653449599313
        ],
        [
          1661.3179362408405,
          3241.602484478953
        ],
        [
          1689.0995044651672,
          3286.756916106097
        ]
      ],
      "x1": 1651.6260854720665,
      "y1": 3193.6934401648696,
      "x2": 1810.8995482693008,
      "y2": 3286.756916106097,
      "tokenIdx": 3,
      "token": "ykedy",
      "wordVec": [
        1837.1073974289784,
        3332.295199675777,
        1803.3109748644067,
        3077.447489233735
      ],
      "inclination": 172.44584462706575,
      "ringCenter": {
        "cx": 1802.7211728814532,
        "cy": 1801.691383679187
      },
      "review": true,
      "attribute": [
        "k-2"
      ]
    },
    {
      "id": 5,
      "shape": "poly",
      "polygon": [
        [
          2476.8210689616158,
          3148.3542084384676
        ],
        [
          2535.7197947586446,
          3107.425046898273
        ],
        [
          2495.9628965631964,
          3060.951782439484
        ],
        [
          2460.972758884583,
          3078.545581514537
        ],
        [
          2428.4599427598328,
          3094.4684061025523
        ],
        [
          2387.7250490642637,
          3071.482725757737
        ],
        [
          2358.5153283446643,
          3085.1775843630357
        ],
        [
          2365.008151075057,
          3110.8348541063397
        ],
        [
          2396.6401056219997,
          3136.356136358405
        ],
        [
          2401.711309436501,
          3154.562014655657
        ],
        [
          2423.7027601236005,
          3185.3844295089075
        ],
        [
          2453.3366774745095,
          3199.037241918413
        ],
        [
          2474.82622439245,
          3188.1467675759736
        ],
        [
          2465.54844418366,
          3158.3606285762316
        ]
      ],
      "x1": 2358.5153283446643,
      "y1": 3060.951782439484,
      "x2": 2535.7197947586446,
      "y2": 3199.037241918413,
      "tokenIdx": 4,
      "token": "oteedy",
      "wordVec": [
        2587.11523400997,
        3160.4656485984383,
        2390.8242987441854,
        2878.3586273826095
      ],
      "inclination": 145.16968451374186,
      "ringCenter": {
        "cx": 1802.7211728814532,
        "cy": 1801.691383679187
      },
      "review": true,
      "attribute": [
        "t-2"
      ]
    },
    {
      "id": 6,
      "shape": "poly",