{
  "folio": "f85v_86r",
  "paraNum": 31,
  "imageWH": [
    3600,
    2569
  ],
  "gallows": [
    {
      "id": 1,
      "shape": "poly",
      "polygon": [
        [
          2974.5275311311916,
          1698.6033368330927
        ],
        [
          2989.440431887312,
          1674.0519335853517
        ],
        [
          2989.768896389773,
          1635.7232220288838
        ],
        [
          2856.438657158556,
          1618.5128898349994
        ],
        [
          2844.72984171865,
          1685.8340284157982
        ],
        [
          2858.0022400419284,
          1693.4040380385977
        ],
        [
          2846.6218891044837,
          1722.3964650629287
        ],
        [
          2807.6118220795793,
          1728.0481807569163
        ],
        [
          2787.5765420784337,
          1762.112314019782
        ],
        [
          2801.025385884699,
          1785.8565893225907
        ],
        [
          2836.2251115949584,
          1795.9249023296552
        ],
        [
          2916.41508452657,
          1801.0228551111675
        ],
        [
          2966.8055024889186,
          1766.378712392849
        ],
        [
          2966.4019385164524,
          1752.1978401116558
        ],
        [
          2940.3113788488527,
          1733.071034068424
        ],
        [
          3028.2478068862506,
          1741.0708542066673
        ],
        [
          3035.868489515541,
          1709.6307968045628
        ]
      ],
      "x1": 2787.5765420784337,
      "y1": 1618.5128898349994,
      "x2": 3035.868489515541,
      "y2": 1801.0228551111675,
      "tokenIdx": 0,
      "token": "sarchcphdy",
      "wordVec": [
        3268.4404082515975,
        1653.3389382746984,
        2726.237403773548,
        1591.562709136512
      ],
      "attribute": [
        "p-3"
      ]
    },
    {
      "id": 2,
      "shape": "poly",
      "polygon": [
        [
          1912.9706598308126,
          1568.7740559920971
        ],
        [
          1926.3452057753052,
          1498.8764272967694
        ],
        [
          1861.7346438605803,
          1505.5828480829484
        ],
        [
          1849.5772444325448,
          1564.7977189065255
        ],
        [
          1813.3232701649645,
          1579.0635384358388
        ],
        [
          1805.1552981636012,
          1612.7615050188592
        ],
        [
          1836.1081399140426,
          1626.0274266528065
        ],
        [
          1918.3925316041614,
          1625.6632580933049
        ],
        [
          1930.833606754225,
          1592.4521501168674
        ]
      ],
      "x1": 1805.1552981636012,
      "y1": 1498.8764272967694,
      "x2": 1930.833606754225,
      "y2": 1626.0274266528065,
      "tokenIdx": 1,
      "token": "otchdy",
      "wordVec": [
        1976.9464678051083,
        1491.655991826371,
        1647.3763545933232,
        1477.9133757406346
      ],
      "attribute": [
        "t-1"
      ]
    },
    {
      "id": 3,
      "shape": "poly",
      "polygon": [
        [
          1529.0673522023797,
          1538.0195201490326
        ],
        [
          1539.4533440110022,
          1475.3563926606391
        ],
        [
          1485.430981394019,
          1474.612039014229
        ],
        [
          1480.0755367216075,
          1521.6161736499332
        ],
        [
          1443.091274544153,
          1542.2916479022974
        ],
        [
          1434.4636000138432,
          1570.5265208977964
        ],
        [
          1456.6268061635926,
          1584.9552768929284
        ],
        [
          1548.0388213317042,
          1589.9596433469385
        ],
        [
          1561.5753283465792,
          1547.1340532859253
        ]
      ],
      "x1": 1434.4636000138432,
      "y1": 1474.612039014229,
      "x2": 1561.5753283465792,
      "y2": 1589.9596433469385,
      "tokenIdx": 2,
      "token": "otoldy",
      "wordVec": [
        1589.4460327825768,
        1473.4773361261164,
        1271.6812653849904,
        1441.6011877360397
      ],
      "attribute": [
        "t-1"
      ]
    },
    {
      "id": 4,
      "shape": "poly",
      "polygon": [
        [
          777.8993188265745,
          1560.2576887167345
        ],
        [
          769.7537201336496,
          1520.2207920289204
        ],
        [
          745.6988459578489,
          1515.2398841963175
        ],
        [
          743.5227770669526,
          1558.473962031949
        ],
        [
          755.3124593856596,
          1616.422101974838
        ],
        [
          722.4364226484187,
          1622.0135931009656
        ],
        [
          718.9560198381967,
          1653.4436850876793
        ],
        [
          714.0114855201631,
          1688.4633004283219
        ],
        [
          690.1021054026384,
          1727.3413572550865
        ],
        [
          696.3002965952177,
          1752.413460460734
        ],
        [
          729.2127068470276,
          1757.7867104994482
        ],
        [
          746.052160800402,
          1748.8746141515855
        ],
        [
          755.4618366710092,
          1725.0159110788404
        ],
        [
          756.2465210832318,
          1707.3008389268214
        ],
        [
          791.0517785635338,
          1711.191770700439
        ],
        [
          811.2300244959278,
          1691.72546215113
        ],
        [
          792.9407425649526,
          1644.9746079907075
        ],
        [
          830.8522474066497,
          1631.7753544360419
        ],
        [
          856.0659614435,
          1604.7012834581951
        ],
        [
          851.5644463763573,
          1582.5756300254557
        ],
        [
          808.5629131583502,
          1586.9355342613962
        ],
        [
          796.9732851697726,
          1589.2934707251375
        ],
        [
          806.3140972383158,
          1608.240129767344
        ],
        [
          787.1530803357691,
          1616.5273392914712
        ],
        [
          781.3472313493012,
          1582.597700009814
        ]
      ],
      "x1": 690.1021054026384,
      "y1": 1515.2398841963175,
      "x2": 856.0659614435,
      "y2": 1757.7867104994482,
      "tokenIdx": 3,
      "token": "ofchedaiin",
      "review": true,
      "attribute": [
        "f-2"
      ],
      "wordVec": [
        852,
        1429.0000000000002,
        264.00000000000006,
        1589.0000000000002
      ]
    }
  ],
  "freeVecs": [],
  "tokenVecs": [
    {
      "tokenIdx": 0,
      "token": "sarchcphdy",
      "a": [
        3268.4404082515975,
        1653.3389382746984
      ],
      "e": [
        2726.237403773548,
        1591.562709136512
      ],
      "source": "gallow",
      "gallowId": 1
    },
    {
      "tokenIdx": 1,
      "token": "otchdy",
      "a": [
        1976.9464678051083,
        1491.655991826371
      ],
      "e": [
        1647.3763545933232,
        1477.9133757406346
      ],
      "source": "gallow",
      "gallowId": 2
    },
    {
      "tokenIdx": 2,
      "token": "otoldy",
      "a": [
        1589.4460327825768,
        1473.4773361261164
      ],
      "e": [
        1271.6812653849904,
        1441.6011877360397
      ],
      "source": "gallow",
      "gallowId": 3
    },
    {
      "tokenIdx": 3,
      "token": "ofchedaiin",
      "a": [
        852,
        1429.0000000000002
      ],
      "e": [
        264.00000000000006,
        1589.0000000000002
      ],
      "source": "gallow",
      "gallowId": 4
    }
  ],
  "savedAt": "2026-07-14T22:57:05.349Z",
  "attributedBy": "Blonzao"
}