{
  "folio": "f85v_86r",
  "paraNum": 38,
  "imageWH": [
    3600,
    4802
  ],
  "gallows": [
    {
      "id": 1,
      "shape": "poly",
      "polygon": [
        [
          1370.689432542103,
          3689.5470095343157
        ],
        [
          1264.3152356214932,
          3660.659594191934
        ],
        [
          1260.0256460669784,
          3686.88278558321
        ],
        [
          1302.8608408422288,
          3712.0847383403084
        ],
        [
          1393.2487018762856,
          3734.773250843629
        ],
        [
          1392.5584127942957,
          3787.866841651791
        ],
        [
          1417.9042997992985,
          3817.743184836067
        ],
        [
          1423.2151279879915,
          3838.644777774555
        ],
        [
          1424.038581053791,
          3869.563900121199
        ],
        [
          1477.329957430333,
          3886.4598511863105
        ],
        [
          1494.4129237997279,
          3860.6753119881705
        ],
        [
          1482.5183918993112,
          3812.0475557747113
        ],
        [
          1455.2416510815715,
          3794.5367074762744
        ],
        [
          1469.142428643389,
          3751.690742436929
        ],
        [
          1514.127803327944,
          3758.1305119007493
        ],
        [
          1518.4389334106484,
          3709.304970118911
        ],
        [
          1509.7265903178093,
          3677.738639746657
        ],
        [
          1481.80264147446,
          3668.11668147526
        ],
        [
          1465.1475570341067,
          3692.4090190537995
        ],
        [
          1457.0285706464035,
          3709.4596746309103
        ],
        [
          1443.5987560700078,
          3705.6087372695324
        ],
        [
          1452.386491011511,
          3658.0668412748205
        ],
        [
          1450.9373704482905,
          3612.434258564655
        ],
        [
          1428.5651164183923,
          3594.7148544337447
        ],
        [
          1395.2980285940655,
          3598.094828809701
        ],
        [
          1389.0991257550038,
          3614.0811646962543
        ],
        [
          1393.3456342531392,
          3633.062674086101
        ],
        [
          1403.7910455903357,
          3636.057847589395
        ],
        [
          1414.2472271916276,
          3627.7518458974077
        ],
        [
          1422.9811108126569,
          3636.7158258791
        ],
        [
          1423.5960080459824,
          3662.730461437903
        ],
        [
          1411.1982023678595,
          3694.703133211009
        ]
      ],
      "x1": 1260.0256460669784,
      "y1": 3594.7148544337447,
      "x2": 1518.4389334106484,
      "y2": 3886.4598511863105,
      "tokenIdx": 0,
      "token": "opokchosody",
      "wordVec": [
        1265.2571615923357,
        3567.2657893904875,
        1047.6091939578673,
        4399.507951726185
      ],
      "attribute": [
        "p-1"
      ]
    },
    {
      "id": 2,
      "shape": "poly",
      "polygon": [
        [
          1369.6484290341627,
          3815.8677909280727
        ],
        [
          1288.0689710222637,
          3790.4732852225
        ],
        [
          1244.6277251570773,
          3787.6716280055107
        ],
        [
          1213.8752305479604,
          3843.0679265314398
        ],
        [
          1226.9509460954982,
          3853.642265577493
        ],
        [
          1274.3377388586462,
          3868.1071963364375
        ],
        [
          1414.7304392419312,
          3918.0990523704686
        ],
        [
          1426.6220351208858,
          3999.063223753899
        ],
        [
          1460.4911928599563,
          4004.6030814060896
        ],
        [
          1479.7537810790468,
          3992.087697301949
        ],
        [
          1506.7658243330256,
          3937.456825762241
        ],
        [
          1505.9137137708403,
          3914.2486906451886
        ],
        [
          1478.8784437226852,
          3896.398544431681
        ],
        [
          1475.61164023498,
          3869.0080384829507
        ],
        [
          1470.4587468742584,
          3855.2535795251565
        ],
        [
          1394.0639106139747,
          3817.1068657817264
        ]
      ],
      "x1": 1213.8752305479604,
      "y1": 3787.6716280055107,
      "x2": 1506.7658243330256,
      "y2": 4004.6030814060896,
      "tokenIdx": 0,
      "token": "opokchosody",
      "review": true,
      "attribute": [
        "k-3"
      ]
    },
    {
      "id": 3,
      "shape": "poly",
      "polygon": [
        [
          2494.3259918263657,
          2475.2493426116657
        ],
        [
          2562.022877560029,
          2461.8927806748866
        ],
        [
          2558.3595031550253,
          2438.763144976472
        ],
        [
          2492.01145214174,
          2444.002786746558
        ],
        [
          2468.0557773200007,
          2417.501064247198
        ],
        [
          2446.071455541687,
          2411.7625387244852
        ],
        [
          2421.034321759203,
          2386.7493167864263
        ],
        [
          2376.9379682838653,
          2391.099064473832
        ],
        [
          2367.8912109195617,
          2425.462287302465
        ],
        [
          2377.241211810136,
          2459.5461784492522
        ],
        [
          2400.586324231041,
          2482.192961665543
        ],
        [
          2436.0948609797742,
          2481.8378191021293
        ],
        [
          2443.2819439488585,
          2518.8987113715184
        ],
        [
          2475.5580597375697,
          2548.034248352279
        ],
        [
          2503.4205728795196,
          2540.986831224117
        ],
        [
          2499.146636073682,
          2514.002256242634
        ],
        [
          2486.6280691824404,
          2501.495645273605
        ]
      ],
      "x1": 2367.8912109195617,
      "y1": 2386.7493167864263,
      "x2": 2562.022877560029,
      "y2": 2548.034248352279,
      "tokenIdx": 1,
      "token": "cfair",
      "review": true,
      "attribute": [
        "f-3"
      ]
    }
  ],
  "freeVecs": [
    {
      "a": [
        2541.3057420351956,
        2222.2872428671353
      ],
      "e": [
        2521.9826208981112,
        1791.5614892171054
      ],
      "tokenIdx": 2,
      "token": "o*olc*hy"
    }
  ],
  "tokenVecs": [
    {
      "tokenIdx": 0,
      "token": "opokchosody",
      "a": [
        1265.2571615923357,
        3567.2657893904875
      ],
      "e": [
        1047.6091939578673,
        4399.507951726185
      ],
      "source": "gallow",
      "gallowId": 1
    },
    {
      "tokenIdx": 2,
      "token": "o*olc*hy",
      "a": [
        2541.3057420351956,
        2222.2872428671353
      ],
      "e": [
        2521.9826208981112,
        1791.5614892171054
      ],
      "source": "free"
    }
  ],
  "savedAt": "2026-07-14T19:34:51.270Z",
  "attributedBy": "Blonzao"
}