{
  "folio": "f85v_86r",
  "paraNum": 41,
  "imageWH": [
    3600,
    5743
  ],
  "gallows": [
    {
      "id": 1,
      "shape": "poly",
      "polygon": [
        [
          1675.1731100705042,
          4980.085299537503
        ],
        [
          1831.8760981485739,
          4979.57679556848
        ],
        [
          1818.6785132709256,
          4865.558060102039
        ],
        [
          1748.8529386368245,
          4875.665358132976
        ],
        [
          1660.2848353929278,
          4879.24633413038
        ],
        [
          1634.3435140196916,
          4844.488000599066
        ],
        [
          1542.0851236044655,
          4832.65317199957
        ],
        [
          1503.0365025772035,
          4871.956045011342
        ],
        [
          1538.7762144099017,
          4934.764608461221
        ],
        [
          1579.224432483948,
          4952.834666341105
        ],
        [
          1599.7847768859262,
          4985.356965334835
        ]
      ],
      "x1": 1503.0365025772035,
      "y1": 4832.65317199957,
      "x2": 1831.8760981485739,
      "y2": 4985.356965334835,
      "tokenIdx": 0,
      "token": "okar",
      "wordVec": [
        1854.9267290726466,
        5085.069611629988,
        1833.9315622389113,
        4598.035934578168
      ],
      "review": true,
      "attribute": [
        "k-2"
      ]
    }
  ],
  "freeVecs": [
    {
      "a": [
        2132.4399268229513,
        1768.9299113052532
      ],
      "e": [
        2047.0560290453086,
        884.1031311754224
      ],
      "tokenIdx": 1,
      "token": "lashalg"
    }
  ],
  "tokenVecs": [
    {
      "tokenIdx": 0,
      "token": "okar",
      "a": [
        1854.9267290726466,
        5085.069611629988
      ],
      "e": [
        1833.9315622389113,
        4598.035934578168
      ],
      "source": "gallow",
      "gallowId": 1
    },
    {
      "tokenIdx": 1,
      "token": "lashalg",
      "a": [
        2132.4399268229513,
        1768.9299113052532
      ],
      "e": [
        2047.0560290453086,
        884.1031311754224
      ],
      "source": "free"
    }
  ],
  "savedAt": "2026-07-14T19:36:13.247Z",
  "attributedBy": "Blonzao"
}