{
  "folio": "f85v_86r",
  "paraNum": 40,
  "imageWH": [
    3600,
    3067
  ],
  "gallows": [
    {
      "id": 1,
      "shape": "poly",
      "polygon": [
        [
          3197.0862436182197,
          1863.0579530345415
        ],
        [
          3197.485442116872,
          1793.2079629159796
        ],
        [
          3177.4481334688194,
          1789.885639852338
        ],
        [
          3159.4880230961203,
          1858.49604630364
        ],
        [
          3114.5722941997496,
          1859.618406902126
        ],
        [
          3087.8344984505416,
          1890.4044583753232
        ],
        [
          3052.486540246442,
          1901.264883148214
        ],
        [
          3048.262449919292,
          1937.4559970814344
        ],
        [
          3083.2139801852527,
          1959.2409992826313
        ],
        [
          3196.1789352336828,
          1953.620884608659
        ],
        [
          3222.014963719382,
          1938.9886384206295
        ],
        [
          3227.7578425831566,
          1915.0678264096925
        ],
        [
          3286.9707718243194,
          1903.9840377413102
        ],
        [
          3291.644360502967,
          1878.3183027377434
        ],
        [
          3273.689791251296,
          1872.519582900096
        ]
      ],
      "x1": 3048.262449919292,
      "y1": 1789.885639852338,
      "x2": 3291.644360502967,
      "y2": 1959.2409992826313,
      "tokenIdx": 0,
      "token": "opodchdal",
      "wordVec": [
        3265.141010891307,
        1784.1510726701058,
        2750.195840335596,
        1666.476511656345
      ],
      "review": true,
      "attribute": [
        "p-3"
      ]
    }
  ],
  "freeVecs": [
    {
      "a": [
        972.4503547297682,
        1535.4569148141109
      ],
      "e": [
        500.1903372570529,
        1410.5976340582508
      ],
      "tokenIdx": 1,
      "token": "darchdy"
    }
  ],
  "tokenVecs": [
    {
      "tokenIdx": 0,
      "token": "opodchdal",
      "a": [
        3265.141010891307,
        1784.1510726701058
      ],
      "e": [
        2750.195840335596,
        1666.476511656345
      ],
      "source": "gallow",
      "gallowId": 1
    },
    {
      "tokenIdx": 1,
      "token": "darchdy",
      "a": [
        972.4503547297682,
        1535.4569148141109
      ],
      "e": [
        500.1903372570529,
        1410.5976340582508
      ],
      "source": "free"
    }
  ],
  "savedAt": "2026-07-14T19:35:51.223Z",
  "attributedBy": "Blonzao"
}