{
  "folio": "f85v_86r",
  "paraNum": 45,
  "imageWH": [
    3600,
    1391
  ],
  "gallows": [
    {
      "id": 1,
      "shape": "poly",
      "polygon": [
        [
          1117.7432979858795,
          700.5284621601984
        ],
        [
          1111.4628269003103,
          657.438977509006
        ],
        [
          1067.3174195115096,
          663.8211223899493
        ],
        [
          1060.942698301996,
          675.0920663336536
        ],
        [
          1061.818577676502,
          695.2562721435863
        ],
        [
          1063.9537273793653,
          717.4306496333611
        ],
        [
          1033.8011521817325,
          736.3197045587193
        ],
        [
          1035.6312804984725,
          755.3263138356692
        ],
        [
          1057.8681469997578,
          764.9079880418717
        ],
        [
          1095.4746703721596,
          757.0240404579584
        ],
        [
          1122.295314550083,
          725.6672602720494
        ]
      ],
      "x1": 1033.8011521817325,
      "y1": 657.438977509006,
      "x2": 1122.295314550083,
      "y2": 764.9079880418717,
      "tokenIdx": 0,
      "token": "okody",
      "review": true,
      "attribute": [
        "k-2"
      ],
      "wordVec": [
        1164.5428661727215,
        629.6227372316686,
        929.7041495594112,
        660.5796786830947
      ]
    }
  ],
  "freeVecs": [],
  "tokenVecs": [
    {
      "tokenIdx": 0,
      "token": "okody",
      "a": [
        1164.5428661727215,
        629.6227372316686
      ],
      "e": [
        929.7041495594112,
        660.5796786830947
      ],
      "source": "gallow",
      "gallowId": 1
    }
  ],
  "savedAt": "2026-07-17T20:32:42.764Z",
  "attributedBy": "Blonzao"
}