{
  "folio": "f85v_86r",
  "paraNum": 36,
  "imageWH": [
    3600,
    2889
  ],
  "gallows": [
    {
      "id": 1,
      "shape": "poly",
      "polygon": [
        [
          729.5079039470932,
          2249.1428570945027
        ],
        [
          785.753927038658,
          2316.195851134189
        ],
        [
          857.2988306701798,
          2231.589027053391
        ],
        [
          811.9479370151244,
          2169.168876949362
        ],
        [
          818.249804407552,
          2101.84720818589
        ],
        [
          803.0300876507464,
          2087.8077420350955
        ],
        [
          761.3740741214059,
          2103.014264828043
        ],
        [
          727.1737906627874,
          2135.39139652221
        ],
        [
          673.4160091632089,
          2171.938987228993
        ],
        [
          649.6616641819164,
          2211.7850429577406
        ],
        [
          662.3271695274431,
          2260.3066612547977
        ]
      ],
      "x1": 649.6616641819164,
      "y1": 2087.8077420350955,
      "x2": 857.2988306701798,
      "y2": 2316.195851134189,
      "tokenIdx": 1,
      "token": "otedy",
      "wordVec": [
        723.769773929954,
        2386.3272120688675,
        1040.2214996981124,
        2113.7462712516344
      ],
      "review": true,
      "attribute": [
        "t-1"
      ]
    }
  ],
  "freeVecs": [
    {
      "a": [
        603.2318723730963,
        2220.4210236344743
      ],
      "e": [
        928.178644474166,
        1976.8042030733384
      ],
      "tokenIdx": 0,
      "token": "chdain"
    }
  ],
  "tokenVecs": [
    {
      "tokenIdx": 0,
      "token": "chdain",
      "a": [
        603.2318723730963,
        2220.4210236344743
      ],
      "e": [
        928.178644474166,
        1976.8042030733384
      ],
      "source": "free"
    },
    {
      "tokenIdx": 1,
      "token": "otedy",
      "a": [
        723.769773929954,
        2386.3272120688675
      ],
      "e": [
        1040.2214996981124,
        2113.7462712516344
      ],
      "source": "gallow",
      "gallowId": 1
    }
  ],
  "savedAt": "2026-07-14T19:33:19.368Z",
  "attributedBy": "Blonzao"
}