{
  "folio": "f85v_86r",
  "paraNum": 44,
  "imageWH": [
    3600,
    2143
  ],
  "gallows": [
    {
      "id": 1,
      "shape": "poly",
      "polygon": [
        [
          411.71073996338146,
          1144.3967053700326
        ],
        [
          416.12682918331154,
          1199.597820619159
        ],
        [
          442.6233645028923,
          1198.4937983141765
        ],
        [
          452.55956524773507,
          1153.2288838098927
        ],
        [
          448.1434760278049,
          1127.8363707952947
        ],
        [
          479.05610056731575,
          1122.316259270382
        ],
        [
          494.51241283707117,
          1090.2996124258887
        ],
        [
          494.51241283707117,
          1064.9070994112903
        ],
        [
          526.5290596815646,
          1048.3467648365524
        ],
        [
          535.3612381214248,
          1029.5783856518494
        ],
        [
          534.2572158164422,
          988.7295603674959
        ],
        [
          508.8647028018441,
          986.5215157575308
        ],
        [
          482.36816748226335,
          986.5215157575308
        ],
        [
          456.97565446766515,
          1008.6019618571813
        ],
        [
          443.72738680787484,
          1015.2260956870765
        ],
        [
          416.12682918331154,
          1011.914028772129
        ],
        [
          388.5262715587483,
          1030.6824079568319
        ],
        [
          374.17398159397544,
          1051.6588317515
        ],
        [
          374.17398159397544,
          1071.5312332411856
        ],
        [
          392.94236077867845,
          1081.4674339860283
        ],
        [
          412.81476226836395,
          1082.571456291011
        ],
        [
          412.81476226836395,
          1090.2996124258887
        ],
        [
          359.8216916292025,
          1092.5076570358538
        ],
        [
          320.07688864983146,
          1093.6116793408362
        ],
        [
          299.1004648551634,
          1114.5881031355043
        ],
        [
          323.38895556477905,
          1106.8599470006266
        ],
        [
          330.01308939467424,
          1115.6921254404867
        ],
        [
          356.5096247142549,
          1124.524303880347
        ],
        [
          410.6067176583989,
          1125.6283261853296
        ]
      ],
      "x1": 299.1004648551634,
      "y1": 986.5215157575308,
      "x2": 535.3612381214248,
      "y2": 1199.597820619159,
      "tokenIdx": 0,
      "token": "depcheky",
      "wordVec": [
        310.1406879049887,
        1209.5340213640018,
        776.0381006076163,
        1206.2219544490542
      ],
      "attribute": [
        "p-3"
      ]
    },
    {
      "id": 2,
      "shape": "poly",
      "polygon": [
        [
          613.7468217751845,
          1086.987545510941
        ],
        [
          622.5790002150447,
          1194.0777090942463
        ],
        [
          700.9645838688043,
          1194.0777090942463
        ],
        [
          694.3404500389091,
          1158.7489953348054
        ],
        [
          695.4444723438917,
          1074.8433001561332
        ],
        [
          730.7731861033327,
          1053.866876361465
        ],
        [
          738.5013422382103,
          1028.474363346867
        ],
        [
          721.9410076634724,
          989.8335826724783
        ],
        [
          688.8203385139965,
          994.2496718924085
        ],
        [
          666.739892414346,
          1019.6421849070067
        ],
        [
          620.3709556050796,
          1025.1622964319192
        ],
        [
          611.5387771652195,
          1047.24274253157
        ]
      ],
      "x1": 611.5387771652195,
      "y1": 989.8335826724783,
      "x2": 738.5013422382103,
      "y2": 1194.0777090942463,
      "tokenIdx": 0,
      "token": "depcheky",
      "attribute": [
        "k-1"
      ]
    },
    {
      "id": 3,
      "shape": "poly",
      "polygon": [
        [
          3002.962861218512,
          562.8669567948394
        ],
        [
          3009.8893735520915,
          616.6589253806219
        ],
        [
          3066.6559119125654,
          618.3534714872151
        ],
        [
          3088.539176785547,
          602.0068220816152
        ],
        [
          3091.7344921346867,
          575.083369489199
        ],
        [
          3078.4173491028273,
          575.1383060882492
        ],
        [
          3077.674206248278,
          528.576499898194
        ],
        [
          3094.6271565999255,
          519.3221718015723
        ],
        [
          3112.957518640818,
          487.74408686132
        ],
        [
          3104.226587002544,
          464.084370572294
        ],
        [
          3071.601709145595,
          459.16754040616013
        ],
        [
          3046.8402633408227,
          467.99486088733335
        ],
        [
          3040.381211688293,
          482.99206649233685
        ],
        [
          3004.740311812804,
          481.669591402142
        ],
        [
          2971.550585253658,
          495.6749406894994
        ],
        [
          2963.7555741557326,
          520.7804896220214
        ],
        [
          2966.785080529474,
          542.7186910940532
        ],
        [
          2984.2749116946698,
          552.2901536080228
        ]
      ],
      "x1": 2963.7555741557326,
      "y1": 459.16754040616013,
      "x2": 3112.957518640818,
      "y2": 618.3534714872151,
      "tokenIdx": 1,
      "token": "oteey",
      "attribute": [
        "t-2"
      ],
      "wordVec": [
        2951.6024591001847,
        648.7930515973262,
        3305.492305747707,
        597.5464181361415
      ]
    }
  ],
  "freeVecs": [],
  "tokenVecs": [
    {
      "tokenIdx": 0,
      "token": "depcheky",
      "a": [
        310.1406879049887,
        1209.5340213640018
      ],
      "e": [
        776.0381006076163,
        1206.2219544490542
      ],
      "source": "gallow",
      "gallowId": 1
    },
    {
      "tokenIdx": 1,
      "token": "oteey",
      "a": [
        2951.6024591001847,
        648.7930515973262
      ],
      "e": [
        3305.492305747707,
        597.5464181361415
      ],
      "source": "gallow",
      "gallowId": 3
    }
  ],
  "savedAt": "2026-07-17T20:37:13.282Z",
  "attributedBy": "Blonzao"
}