{
  "folio": "f85v_86r",
  "paraNum": 4,
  "imageWH": [
    3600,
    6456
  ],
  "gallows": [
    {
      "id": 1,
      "shape": "poly",
      "polygon": [
        [
          1329.2532059556684,
          867.0342016459779
        ],
        [
          1292.2305113431244,
          951.6575036175071
        ],
        [
          1286.9415549699038,
          1041.569761962257
        ],
        [
          1038.3606054285367,
          1136.7709766802272
        ],
        [
          1041.005083615147,
          1350.9737097956606
        ],
        [
          1099.1836037205733,
          1403.8632735278663
        ],
        [
          1334.542162328889,
          1380.0629698483738
        ],
        [
          1342.4755968887198,
          1271.639364197352
        ],
        [
          1442.9657679799107,
          1205.5274095320947
        ],
        [
          1506.4332444585577,
          983.3912418568306
        ],
        [
          1440.3212897933004,
          859.100767086147
        ],
        [
          1342.4755968887198,
          859.100767086147
        ]
      ],
      "x1": 1038.3606054285367,
      "y1": 859.100767086147,
      "x2": 1506.4332444585577,
      "y2": 1403.8632735278663,
      "attribute": [
        "exception"
      ],
      "tokenIdx": 0,
      "token": "ofain",
      "wordVec": [
        974.2744140625007,
        1421.9999999999989,
        1880.5244140625007,
        1471.9999999999989
      ]
    },
    {
      "id": 2,
      "shape": "poly",
      "polygon": [
        [
          1557.3394426055343,
          1913.5864399086483
        ],
        [
          1541.4725734858725,
          2373.7256443788388
        ],
        [
          1795.3424794004602,
          2381.6590789386696
        ],
        [
          1808.5648703335116,
          2143.6560421437434
        ],
        [
          1916.9884759845334,
          1987.6318291337366
        ],
        [
          1874.6768249987688,
          1879.2082234827146
        ],
        [
          1678.9854391896074,
          1876.5637452961043
        ],
        [
          1552.0504862323137,
          1900.364048975597
        ]
      ],
      "x1": 1541.4725734858725,
      "y1": 1876.5637452961043,
      "x2": 1916.9884759845334,
      "y2": 2381.6590789386696,
      "wordVec": [
        979.5209593237588,
        2445.787673535509,
        2317.6269217485647,
        2448.432151722119
      ],
      "attribute": [
        "k-1"
      ],
      "tokenIdx": 4,
      "token": "ydekam"
    },
    {
      "id": 3,
      "shape": "poly",
      "polygon": [
        [
          923.3257983016055,
          3588.202224143328
        ],
        [
          941.8371456078775,
          3913.4730410963934
        ],
        [
          1182.4846605894136,
          3850.0055646177466
        ],
        [
          1190.4180951492444,
          3709.8482207274014
        ],
        [
          1179.8401824028033,
          3556.4684859040044
        ],
        [
          1269.7524407475532,
          3426.8890547601004
        ],
        [
          1230.085267948399,
          3329.04336185552
        ],
        [
          1095.2168804312741,
          3313.176492735858
        ],
        [
          904.8144509953335,
          3373.9994910278947
        ],
        [
          783.1684544112602,
          3445.4004020663724
        ],
        [
          783.1684544112602,
          3524.734747664681
        ],
        [
          859.8583218229585,
          3569.690876837056
        ]
      ],
      "x1": 783.1684544112602,
      "y1": 3313.176492735858,
      "x2": 1269.7524407475532,
      "y2": 3913.4730410963934,
      "wordVec": [
        777.8794980380396,
        3929.339910216055,
        2155.6526332619997,
        3868.5169119240186
      ],
      "attribute": [
        "t-1"
      ],
      "tokenIdx": 6,
      "token": "otochedy"
    }
  ],
  "freeVecs": [
    {
      "a": [
        2018.024404749275,
        1471.9999911524344
      ],
      "e": [
        2568.0244047492747,
        1528.2499911524344
      ],
      "tokenIdx": 1,
      "token": "ain"
    },
    {
      "a": [
        918.0244047492749,
        1840.7499911524344
      ],
      "e": [
        1574.274404749275,
        1840.7499911524344
      ],
      "tokenIdx": 2,
      "token": "ych"
    },
    {
      "a": [
        1718.024404749275,
        1846.9999911524344
      ],
      "e": [
        2324.2744047492747,
        1909.4999911524344
      ],
      "tokenIdx": 3,
      "token": "?ais"
    },
    {
      "a": [
        868.0244047492749,
        3021.999991152434
      ],
      "e": [
        2405.5244047492747,
        3040.749991152434
      ],
      "tokenIdx": 5,
      "token": "darchedy"
    },
    {
      "a": [
        2261.7744047492747,
        3915.7499911524337
      ],
      "e": [
        2605.5244047492747,
        3903.2499911524337
      ],
      "tokenIdx": 7,
      "token": "sy"
    },
    {
      "a": [
        652.3994059134282,
        4493.874961582943
      ],
      "e": [
        1958.6494059134282,
        4450.124961582943
      ],
      "tokenIdx": 8,
      "token": "soeedoy"
    },
    {
      "a": [
        2039.8994059134282,
        4487.624961582943
      ],
      "e": [
        2727.399405913428,
        4481.374961582943
      ],
      "tokenIdx": 9,
      "token": "olal"
    },
    {
      "a": [
        783.6494059134282,
        4968.874961582943
      ],
      "e": [
        1577.3994059134282,
        4956.374961582943
      ],
      "tokenIdx": 10,
      "token": "dchor"
    },
    {
      "a": [
        1696.1494059134282,
        4987.624961582943
      ],
      "e": [
        2689.899405913428,
        4993.874961582943
      ],
      "tokenIdx": 11,
      "token": "orary"
    },
    {
      "a": [
        733.6494059134282,
        5606.374961582943
      ],
      "e": [
        2746.149405913428,
        5650.124961582943
      ],
      "tokenIdx": 12,
      "token": "sairojam"
    }
  ],
  "tokenVecs": [
    {
      "tokenIdx": 0,
      "token": "ofain",
      "a": [
        974.2744140625007,
        1421.9999999999989
      ],
      "e": [
        1880.5244140625007,
        1471.9999999999989
      ],
      "source": "gallow",
      "gallowId": 1
    },
    {
      "tokenIdx": 1,
      "token": "ain",
      "a": [
        2018.024404749275,
        1471.9999911524344
      ],
      "e": [
        2568.0244047492747,
        1528.2499911524344
      ],
      "source": "free"
    },
    {
      "tokenIdx": 2,
      "token": "ych",
      "a": [
        918.0244047492749,
        1840.7499911524344
      ],
      "e": [
        1574.274404749275,
        1840.7499911524344
      ],
      "source": "free"
    },
    {
      "tokenIdx": 3,
      "token": "?ais",
      "a": [
        1718.024404749275,
        1846.9999911524344
      ],
      "e": [
        2324.2744047492747,
        1909.4999911524344
      ],
      "source": "free"
    },
    {
      "tokenIdx": 4,
      "token": "ydekam",
      "a": [
        979.5209593237588,
        2445.787673535509
      ],
      "e": [
        2317.6269217485647,
        2448.432151722119
      ],
      "source": "gallow",
      "gallowId": 2
    },
    {
      "tokenIdx": 5,
      "token": "darchedy",
      "a": [
        868.0244047492749,
        3021.999991152434
      ],
      "e": [
        2405.5244047492747,
        3040.749991152434
      ],
      "source": "free"
    },
    {
      "tokenIdx": 6,
      "token": "otochedy",
      "a": [
        777.8794980380396,
        3929.339910216055
      ],
      "e": [
        2155.6526332619997,
        3868.5169119240186
      ],
      "source": "gallow",
      "gallowId": 3
    },
    {
      "tokenIdx": 7,
      "token": "sy",
      "a": [
        2261.7744047492747,
        3915.7499911524337
      ],
      "e": [
        2605.5244047492747,
        3903.2499911524337
      ],