{
  "folio": "f85v_86r",
  "paraNum": 26,
  "imageWH": [
    3600,
    3300
  ],
  "gallows": [
    {
      "id": 1,
      "shape": "poly",
      "polygon": [
        [
          742.6724490873557,
          2635.794642826772
        ],
        [
          829.4571342091194,
          2724.424968225604
        ],
        [
          869.5721621522172,
          2678.745960291705
        ],
        [
          820.9618858270321,
          2600.0086883643708
        ],
        [
          849.1482622826626,
          2528.2332015172465
        ],
        [
          817.7863601704088,
          2445.818269219195
        ],
        [
          830.0407182128657,
          2401.306338689167
        ],
        [
          769.3253622411097,
          2362.8062233375995
        ],
        [
          701.7974995850295,
          2396.827986812585
        ],
        [
          634.839600749276,
          2475.809516005257
        ],
        [
          576.4312498220445,
          2555.089601989701
        ],
        [
          635.2059866472811,
          2649.161778746665
        ],
        [
          579.1589402910099,
          2722.10434299766
        ],
        [
          620.413895874761,
          2766.3448664991324
        ],
        [
          723.062770303465,
          2645.8098249309373
        ]
      ],
      "x1": 576.4312498220445,
      "y1": 2362.8062233375995,
      "x2": 869.5721621522172,
      "y2": 2766.3448664991324,
      "tokenIdx": 0,
      "token": "opaihefchdy",
      "wordVec": [
        739.6325816431989,
        2845.4078449814574,
        1760.3944473601334,
        1926.616562630894
      ],
      "review": true,
      "attribute": [
        "p-1"
      ]
    },
    {
      "id": 2,
      "shape": "poly",
      "polygon": [
        [
          1153.8107608592813,
          2260.673103806408
        ],
        [
          1253.2011269145735,
          2362.821367006911
        ],
        [
          1306.289755116341,
          2313.3154203064096
        ],
        [
          1215.8274096238604,
          2207.4367206946467
        ],
        [
          1263.3249080716093,
          2134.195599651879
        ],
        [
          1219.138684096572,
          2051.3328321661697
        ],
        [
          1221.9749736184074,
          1970.112127035207
        ],
        [
          1161.5581744384237,
          1923.0624637751157
        ],
        [
          1096.391616353303,
          1950.7467055166535
        ],
        [
          1020.4363344213689,
          2042.253999780336
        ],
        [
          983.5511316613298,
          2118.005703789949
        ],
        [
          1008.5755120401351,
          2198.0593315170413
        ],
        [
          1079.631756671046,
          2185.5607162092474
        ],
        [
          1085.8200000086088,
          2192.1967947344683
        ],
        [
          989.8072041051257,
          2306.5435929651003
        ],
        [
          1033.1249074680645,
          2352.9961426416467
        ],
        [
          1057.0093602062161,
          2343.1302389333673
        ]
      ],
      "x1": 983.5511316613298,
      "y1": 1923.0624637751157,
      "x2": 1306.289755116341,
      "y2": 2362.821367006911,
      "tokenIdx": 0,
      "token": "opaihefchdy",
      "attribute": [
        "f-3"
      ]
    },
    {
      "id": 3,
      "shape": "poly",
      "polygon": [
        [
          2593.5488276264023,
          871.6853562665623
        ],
        [
          2696.536938189894,
          986.5614389745058
        ],
        [
          2826.5986473315816,
          877.6836418652232
        ],
        [
          2724.1805005884157,
          807.7673248749655
        ],
        [
          2687.5531752771335,
          631.0088087913955
        ],
        [
          2617.27047238887,
          560.074692793153
        ],
        [
          2540.595948240723,
          610.8969952934114
        ],
        [
          2473.610899641752,
          751.9373860208135
        ],
        [
          2472.3895227114454,
          848.1944391896336
        ],
        [
          2535.1676264623884,
          888.9065807162757
        ]
      ],
      "x1": 2472.3895227114454,
      "y1": 560.074692793153,
      "x2": 2826.5986473315816,
      "y2": 986.5614389745058,
      "tokenIdx": 7,
      "token": "oteoly",
      "attribute": [
        "t-1"
      ],
      "wordVec": [
        2646.1909388566582,
        1095.3136967646606,
        3175.310054596563,
        618.8927050371533
      ]
    }
  ],
  "freeVecs": [
    {
      "a": [
        1525.6890474606791,
        1736.5210064817168
      ],
      "e": [
        1502.4696280159264,
        1237.0916960493687
      ],
      "tokenIdx": 1,
      "token": "sar"
    },
    {
      "a": [
        1514.8732644542695,
        1188.30499156508
      ],
      "e": [
        2097.206112318964,
        690.7620913564374
      ],
      "tokenIdx": 2,
      "token": "odaiin"
    },
    {
      "a": [
        2163.8111548365105,
        744.447833141749
      ],
      "e": [
        2419.5512001127527,
        774.7784066662198
      ],
      "tokenIdx": 3,
      "token": "or"
    },
    {
      "a": [
        1907.8673504307044,
        2190.7056145880265
      ],
      "e": [
        2017.2472822540803,
        2183.825278797468
      ],
      "tokenIdx": 4,
      "token": "o"
    },
    {
      "a": [
        2232.4516141627837,
        2210.600320583891
      ],
      "e": [
        2668.4650279176285,
        1919.8071832448804
      ],
      "tokenIdx": 5,
      "token": "dar"
    },
    {
      "a": [
        2788.2129981633775,
        1799.8692552602292
      ],
      "e": [
        2898.0408557780333,
        1106.0666686333748
      ],
      "tokenIdx": 6,
      "token": "aiird"
    }
  ],
  "tokenVecs": [
    {
      "tokenIdx": 0,
      "token": "opaihefchdy",
      "a": [
        739.6325816431989,
        2845.4078449814574
      ],
      "e": [
        1760.3944473601334,
        1926.616562630894
      ],
      "source": "gallow",
      "gallowId": 1
    },
    {
      "tokenIdx": 1,
      "token": "sar",
      "a": [
        1525.6890474606791,
        1736.5210064817168
      ],
      "e": [
        1502.4696280159264,
        1237.0916960493687
      ],
      "source": "free"
    },
    {
      "tokenIdx": 2,
      "token": "odaiin",
      "a": [
        1514.8732644542695,
        1188.30499156508
      ],
      "e": [
        2097.206112318964,
        690.7620913564374
      ],
      "source": "free"
    },
    {
      "tokenIdx": 3,
      "token": "or",
      "a": [
        2163.8111548365105,
        744.447833141749
      ],
      "e": [
        2419.5512001127527,
        774.7784066662198
      ],
      "source": "free"
    },
    {
      "tokenIdx": 4,
      "token": "o",
      "a": [
        1907.8673504307044,
        2190.7056145880265
      ],
      "e": [
        2017.2472822540803,
        2183.825278797468
      ],
      "source": "free"
    },
    {
      "tokenIdx": 5,
      "token": "dar",
      "a": [
        2232.4516141627837,
        2210.600320583891
      ],
      "e": [
        2668.4650279176285,
        1919.8071832448804
      ],
      "source": "free"
    },
    {
      "tokenIdx": 6,
      "token": "aiird",
      "a": [
        2788.2129981633775,
        1799.8692552602292
      ],
      "e": [
        2898.0408557780333,
        1106.0666686333748
      ],
      "source": "free"
    },
    {
      "tokenIdx": 7,
      "token": "oteoly",
      "a": [
        2646.1909388566582,
        1095.3136967646606
      ],
      "e": [
        3175.310054596563,
        618.8927050371533
      ],
      "source": "gallow",
      "gallowId": 3
    }
  ],
  "savedAt": "2026-07-17T20:35:07.157Z",
  "attributedBy": "Blonzao"
}