{
  "folio": "f85v_86r",
  "paraNum": 7,
  "imageWH": [
    3600,
    3600
  ],
  "gallows": [
    {
      "id": 1,
      "shape": "poly",
      "polygon": [
        [
          2603.3645252519327,
          1680.740239504327
        ],
        [
          2517.7967393671233,
          1685.939865435382
        ],
        [
          2522.332509335939,
          1723.5278299345646
        ],
        [
          2584.2497322457098,
          1725.690027003366
        ],
        [
          2607.5998825496713,
          1760.425981773709
        ],
        [
          2641.805487095591,
          1752.2630748249744
        ],
        [
          2635.3411798601437,
          1702.911023094937
        ]
      ],
      "x1": 2517.7967393671233,
      "y1": 1680.740239504327,
      "x2": 2641.805487095591,
      "y2": 1760.425981773709,
      "tokenIdx": 0,
      "token": "okchdarar",
      "inclination": 3,
      "ringCenter": {
        "cx": 1804.0055147581954,
        "cy": 1805.1628272762732
      },
      "review": true,
      "attribute": [
        "k-1"
      ],
      "wordVec": [
        2492.699282583347,
        1648.9608948596333,
        2479.109302189158,
        2062.0962988429887
      ]
    }
  ],
  "freeVecs": [],
  "tokenVecs": [
    {
      "tokenIdx": 0,
      "token": "okchdarar",
      "a": [
        2492.699282583347,
        1648.9608948596333
      ],
      "e": [
        2479.109302189158,
        2062.0962988429887
      ],
      "source": "gallow",
      "gallowId": 1
    }
  ],
  "savedAt": "2026-07-12T17:30:38.857Z",
  "attributedBy": "Blonzao"
}