{
  "folio": "f85v_86r",
  "paraNum": 42,
  "imageWH": [
    3600,
    5755
  ],
  "gallows": [
    {
      "id": 1,
      "shape": "poly",
      "polygon": [
        [
          1196.809468290262,
          3172.775277278541
        ],
        [
          1190.8522705192706,
          3245.861848945833
        ],
        [
          1216.6866769645455,
          3250.883548857055
        ],
        [
          1227.3397173614421,
          3238.5178530515136
        ],
        [
          1231.6959377067376,
          3163.057734741414
        ],
        [
          1274.145170651665,
          3156.8725926727616
        ],
        [
          1286.7296340913392,
          3134.57058669596
        ],
        [
          1294.3994872709761,
          3084.5027512311062
        ],
        [
          1331.6036643387847,
          3062.861636488468
        ],
        [
          1339.6039631355027,
          3000.4839442095463
        ],
        [
          1326.7403047384573,
          2971.172976287271
        ],
        [
          1255.2547104968617,
          2967.589325159087
        ],
        [
          1174.0003230584293,
          2993.0420353275704
        ],
        [
          1160.0382381589552,
          3054.2608737808255
        ],
        [
          1165.283294036074,
          3069.7168464548113
        ],
        [
          1198.736303001276,
          3088.5935416143225
        ],
        [
          1197.1911645670536,
          3096.5425897513305
        ],
        [
          1113.7819981199464,
          3090.641230971813
        ],
        [
          1100.0386808546052,
          3118.90502305137
        ],
        [
          1104.180721897532,
          3150.6453766079267
        ],
        [
          1183.6153642761356,
          3155.774166170333
        ]
      ],
      "x1": 1100.0386808546052,
      "y1": 2967.589325159087,
      "x2": 1339.6039631355027,
      "y2": 3250.883548857055,
      "tokenIdx": 0,
      "token": "opchdain",
      "wordVec": [
        1123.452878329127,
        3263.6959565943903,
        1719.5756496132349,
        3369.258744381238
      ],
      "review": true,
      "attribute": [
        "p-1"
      ]
    },
    {
      "id": 2,
      "shape": "poly",
      "polygon": [
        [
          1892.6740539230375,
          1345.6751788856448
        ],
        [
          1997.0171628899675,
          1362.9978666460097
        ],
        [
          1996.4520274203744,
          1278.1004932621638
        ],
        [
          1841.9724155970785,
          1235.237914561868
        ],
        [
          1825.5655080490787,
          1170.2964146084375
        ],
        [
          1792.3130520146876,
          1155.4859177491462
        ],
        [
          1746.7952885954367,
          1155.0032787129458
        ],
        [
          1721.7600357406109,
          1194.3993879642192
        ],
        [
          1727.9201882441719,
          1230.707171320373
        ],
        [
          1740.734131811947,
          1275.1936595205088
        ],
        [
          1729.5110991706547,
          1320.2067848546544
        ],
        [
          1760.2348650172928,
          1380.0249072858655
        ],
        [
          1800.651249963229,
          1400.968057837587
        ],
        [
          1834.4028443204993,
          1396.3438186382461
        ],
        [
          1845.1047395900077,
          1335.988059548573
        ]
      ],
      "x1": 1721.7600357406109,
      "y1": 1155.0032787129458,
      "x2": 1997.0171628899675,
      "y2": 1400.968057837587,
      "tokenIdx": 1,
      "token": "otdar",
      "wordVec": [
        2013.9507075719778,
        1451.9763428085075,
        2121.551295023334,
        959.3991526562393
      ],
      "attribute": [
        "t-1"
      ]
    }
  ],
  "freeVecs": [
    {
      "a": [
        2151.1321399788685,
        920.9700124902721
      ],
      "e": [
        2242.5386122959194,
        534.8490005797771
      ],
      "tokenIdx": 2,
      "token": "shed"
    }
  ],
  "tokenVecs": [
    {
      "tokenIdx": 0,
      "token": "opchdain",
      "a": [
        1123.452878329127,
        3263.6959565943903
      ],
      "e": [
        1719.5756496132349,
        3369.258744381238
      ],
      "source": "gallow",
      "gallowId": 1
    },
    {
      "tokenIdx": 1,
      "token": "otdar",
      "a": [
        2013.9507075719778,
        1451.9763428085075
      ],
      "e": [
        2121.551295023334,
        959.3991526562393
      ],
      "source": "gallow",
      "gallowId": 2
    },
    {
      "tokenIdx": 2,
      "token": "shed",
      "a": [
        2151.1321399788685,
        920.9700124902721
      ],
      "e": [
        2242.5386122959194,
        534.8490005797771
      ],
      "source": "free"
    }
  ],
  "savedAt": "2026-07-17T20:42:34.736Z",
  "attributedBy": "Blonzao"
}