{
  "folio": "f85v_86r",
  "paraNum": 32,
  "imageWH": [
    3600,
    1657
  ],
  "gallows": [
    {
      "id": 1,
      "shape": "poly",
      "polygon": [
        [
          2346.206820096837,
          1118.768623252644
        ],
        [
          2349.3871375110048,
          1065.4983065653382
        ],
        [
          2320.7642807834973,
          1071.0638620401314
        ],
        [
          2319.9692014299553,
          1117.17846454556
        ],
        [
          2297.7069795307825,
          1125.9243374345206
        ],
        [
          2279.4201543993195,
          1151.3668767478607
        ],
        [
          2268.289043449733,
          1163.2930670509888
        ],
        [
          2266.6988847426496,
          1179.1946541218263
        ],
        [
          2276.239836985152,
          1186.3503683037031
        ],
        [
          2300.8872969449503,
          1186.3503683037031
        ],
        [
          2353.362534278714,
          1168.06354317224
        ],
        [
          2371.649359410177,
          1151.3668767478607
        ],
        [
          2350.9772962180887,
          1141.8259245053582
        ],
        [
          2350.1822168645467,
          1136.260369030565
        ],
        [
          2386.755867127473,
          1135.465289677023
        ],
        [
          2402.65745419831,
          1118.768623252644
        ],
        [
          2393.9115813093495,
          1098.891639414097
        ],
        [
          2380.3952322991377,
          1105.2522742424321
        ],
        [
          2375.6247561778864,
          1117.17846454556
        ]
      ],
      "x1": 2266.6988847426496,
      "y1": 1065.4983065653382,
      "x2": 2402.65745419831,
      "y2": 1186.3503683037031,
      "tokenIdx": 0,
      "token": "oparodam",
      "wordVec": [
        2389.93618454164,
        1061.522909797629,
        2046.4619038115504,
        1067.8835446259636
      ],
      "attribute": [
        "p-1"
      ]
    }
  ],
  "freeVecs": [
    {
      "a": [
        595.4916640026195,
        1161.8745873138537
      ],
      "e": [
        335.6797677628446,
        1094.7708525234482
      ],
      "tokenIdx": 1,
      "token": "o*alda"
    }
  ],
  "tokenVecs": [
    {
      "tokenIdx": 0,
      "token": "oparodam",
      "a": [
        2389.93618454164,
        1061.522909797629
      ],
      "e": [
        2046.4619038115504,
        1067.8835446259636
      ],
      "source": "gallow",
      "gallowId": 1
    },
    {
      "tokenIdx": 1,
      "token": "o*alda",
      "a": [
        595.4916640026195,
        1161.8745873138537
      ],
      "e": [
        335.6797677628446,
        1094.7708525234482
      ],
      "source": "free"
    }
  ],
  "savedAt": "2026-07-17T20:34:09.178Z",
  "attributedBy": "Blonzao"
}