{
  "folio": "f85v_86r",
  "paraNum": 46,
  "imageWH": [
    3600,
    2231
  ],
  "gallows": [
    {
      "id": 1,
      "shape": "poly",
      "polygon": [
        [
          2181.931313042908,
          586.898147573407
        ],
        [
          2185.7638800179693,
          655.8843531245071
        ],
        [
          2241.9748623188657,
          645.664174524344
        ],
        [
          2247.084951618947,
          585.6206252483865
        ],
        [
          2277.745487419436,
          553.6825671228772
        ],
        [
          2280.300532069477,
          519.1894643473272
        ],
        [
          2257.30513021911,
          507.6917634221438
        ],
        [
          2170.433612117725,
          525.577075972429
        ],
        [
          2147.438210267358,
          556.237611772918
        ],
        [
          2148.715732592378,
          577.9554912982643
        ]
      ],
      "x1": 2147.438210267358,
      "y1": 507.6917634221438,
      "x2": 2280.300532069477,
      "y2": 655.8843531245071,
      "tokenIdx": 1,
      "token": "ytedar",
      "wordVec": [
        2115.5001521418485,
        672.492143349772,
        2491.0917156978385,
        653.3293084744663
      ],
      "review": true,
      "attribute": [
        "t-1"
      ]
    },
    {
      "id": 2,
      "shape": "poly",
      "polygon": [
        [
          3021.263480581293,
          1352.1340202606104
        ],
        [
          3021.263480581293,
          1400.6798686113846
        ],
        [
          3046.8139270817005,
          1399.4023462863643
        ],
        [
          3051.924016381782,
          1312.5308281849789
        ],
        [
          3058.311628006884,
          1299.7556049347752
        ],
        [
          3100.4698647325563,
          1295.923037959714
        ],
        [
          3131.1304005330453,
          1253.7648012340417
        ],
        [
          3149.0157130833304,
          1248.6547119339602
        ],
        [
          3161.790936333534,
          1216.716653808451
        ],
        [
          3159.2358916834933,
          1193.7212519580842
        ],
        [
          3118.3551772828414,
          1182.2235510329008
        ],
        [
          3094.082253107454,
          1189.888684983023
        ],
        [
          3092.804730782434,
          1233.3244440337157
        ],
        [
          3031.483659181456,
          1233.3244440337157
        ],
        [
          3018.708435931252,
          1257.5973682091028
        ],
        [
          3017.430913606232,
          1269.0950691342862
        ],
        [
          2959.942408980315,
          1275.4826807593881
        ],
        [
          2943.33461875505,
          1284.4253370345307
        ],
        [
          2943.33461875505,
          1311.2533058599586
        ],
        [
          2948.4447080551317,
          1330.416140735264
        ],
        [
          2973.995154555539,
          1334.248707710325
        ],
        [
          2980.3827661806413,
          1320.1959621351011
        ],
        [
          2966.330020605417,
          1303.5881719098363
        ],
        [
          2971.4401099054985,
          1295.923037959714
        ],
        [
          2998.2680787309264,
          1295.923037959714
        ],
        [
          3026.3735698813744,
          1295.923037959714
        ]
      ],
      "x1": 2943.33461875505,
      "y1": 1182.2235510329008,
      "x2": 3161.790936333534,
      "y2": 1400.6798686113846,
      "tokenIdx": 4,
      "token": "ofardy",
      "wordVec": [
        2959.942408980315,
        1413.4550918615882,
        3284.43307953549,
        1442.838105337057
      ],
      "attribute": [
        "f-1"
      ]
    }
  ],
  "freeVecs": [
    {
      "a": [
        392.61030923363455,
        873.5908548174214
      ],
      "e": [
        883.8204096295975,
        921.1273161460629
      ],
      "tokenIdx": 0,
      "token": "soiindy"
    },
    {
      "a": [
        1298.4439889960822,
        1248.600716410038
      ],
      "e": [
        1702.5039102895357,
        1240.6779728552647
      ],
      "tokenIdx": 2,
      "token": "ddsschx"
    },
    {
      "a": [
        1794.9359184285609,
        1694.9152699956173
      ],
      "e": [
        2198.9958397220144,
        1655.3015522217495
      ],
      "tokenIdx": 3,
      "token": "daldar"
    }
  ],
  "tokenVecs": [
    {
      "tokenIdx": 0,
      "token": "soiindy",
      "a": [
        392.61030923363455,
        873.5908548174214
      ],
      "e": [
        883.8204096295975,
        921.1273161460629
      ],
      "source": "free"
    },
    {
      "tokenIdx": 1,
      "token": "ytedar",
      "a": [
        2115.5001521418485,
        672.492143349772
      ],
      "e": [
        2491.0917156978385,
        653.3293084744663
      ],
      "source": "gallow",
      "gallowId": 1
    },
    {
      "tokenIdx": 2,
      "token": "ddsschx",
      "a": [
        1298.4439889960822,
        1248.600716410038
      ],
      "e": [
        1702.5039102895357,
        1240.6779728552647
      ],
      "source": "free"
    },
    {
      "tokenIdx": 3,
      "token": "daldar",
      "a": [
        1794.9359184285609,
        1694.9152699956173
      ],
      "e": [
        2198.9958397220144,
        1655.3015522217495
      ],
      "source": "free"
    },
    {
      "tokenIdx": 4,
      "token": "ofardy",
      "a": [
        2959.942408980315,
        1413.4550918615882
      ],
      "e": [
        3284.43307953549,
        1442.838105337057
      ],
      "source": "gallow",
      "gallowId": 2
    }
  ],
  "savedAt": "2026-07-14T19:38:32.927Z",
  "attributedBy": "Blonzao"
}