{
  "folio": "f85v_86r",
  "paraNum": 3,
  "imageWH": [
    3600,
    3147
  ],
  "gallows": [
    {
      "id": 1,
      "shape": "poly",
      "polygon": [
        [
          1490.535223533882,
          1712.068954883495
        ],
        [
          1548.2610303220467,
          1719.4977975362851
        ],
        [
          1554.023600635711,
          1680.8481703054913
        ],
        [
          1525.171003591842,
          1668.5235741374554
        ],
        [
          1495.1700150253253,
          1660.484833478922
        ],
        [
          1472.4234011206286,
          1621.0865424958342
        ],
        [
          1442.1147019730233,
          1631.339615397958
        ],
        [
          1427.7185825390752,
          1719.3535086333013
        ],
        [
          1463.9175714340295,
          1742.833696746299
        ],
        [
          1482.8605084012827,
          1736.4255261824717
        ]
      ],
      "x1": 1427.7185825390752,
      "y1": 1621.0865424958342,
      "x2": 1554.023600635711,
      "y2": 1742.833696746299,
      "wordVec": [
        1557.1349287657067,
        1767.8112123638853,
        1603.6146063449498,
        1500.0578729096771
      ],
      "inclination": -167,
      "ringCenter": {
        "cx": 1803.644704942738,
        "cy": 1519.0380730929426
      },
      "attribute": [
        "t-3"
      ],
      "tokenIdx": 0,
      "token": "otdodar"
    },
    {
      "id": 2,
      "shape": "poly",
      "polygon": [
        [
          1808.3355654379395,
          1802.6034686586936
        ],
        [
          1860.5069236525144,
          1800.4014658187689
        ],
        [
          1854.791042124366,
          1755.501079915056
        ],
        [
          1811.0743903866457,
          1747.9122450502687
        ],
        [
          1793.9136773720027,
          1723.5421389140777
        ],
        [
          1769.156044366053,
          1716.992726279939
        ],
        [
          1754.2881520638848,
          1731.2995410937676
        ],
        [
          1758.82838455256,
          1815.4006016260842
        ],
        [
          1782.5920042641358,
          1834.1618143597154
        ],
        [
          1801.0272693173222,
          1831.7327668384153
        ]
      ],
      "x1": 1754.2881520638848,
      "y1": 1716.992726279939,
      "x2": 1860.5069236525144,
      "y2": 1834.1618143597154,
      "wordVec": [
        1860.956029711587,
        1869.1562893066082,
        1911.0715785024183,
        1522.0872527340432
      ],
      "inclination": 131.7022955331145,
      "ringCenter": {
        "cx": 1803.644704942738,
        "cy": 1519.0380730929426
      },
      "attribute": [
        "t-3"
      ],
      "tokenIdx": 4,
      "token": "otedain"
    },
    {
      "id": 3,
      "shape": "poly",
      "polygon": [
        [
          1839.5542392460472,
          1432.4824698338134
        ],
        [
          1897.4245317265847,
          1443.080267847437
        ],
        [
          1900.9476647615065,
          1395.3960747007611
        ],
        [
          1862.5220556565116,
          1389.847551827802
        ],
        [
          1834.987642957554,
          1339.9202894744726
        ],
        [
          1807.3822500861875,
          1337.0549333967876
        ],
        [
          1787.2324696384694,
          1383.459062715195
        ],
        [
          1787.7601162796223,
          1449.6604239452329
        ],
        [
          1813.6216876766305,
          1464.602400027345
        ],
        [
          1827.7591876052993,
          1452.0738524055628
        ]
      ],
      "x1": 1787.2324696384694,
      "y1": 1337.0549333967876,
      "x2": 1900.9476647615065,
      "y2": 1464.602400027345,
      "wordVec": [
        1911.0036337792847,
        1488.7509011848101,
        1936.732688334778,
        1279.5206205722143
      ],
      "inclination": -35.0406639373883,
      "ringCenter": {
        "cx": 1803.644704942738,
        "cy": 1519.0380730929426
      },
      "attribute": [
        "t-1"
      ],
      "tokenIdx": 5,
      "token": "otedy"
    },
    {
      "id": 4,
      "shape": "poly",
      "polygon": [
        [
          1931.07114995466,
          1806.6812702216691
        ],
        [
          1987.3542388824933,
          1806.7334679985631
        ],
        [
          1982.8923827984836,
          1771.0841485674532
        ],
        [
          1938.9985942243409,
          1753.5712603512918
        ],
        [
          1921.3497902106462,
          1709.4998649506363
        ],
        [
          1879.657328540756,
          1715.6719184883395
        ],
        [
          1872.5832318732696,
          1760.6628682653034
        ],
        [
          1883.5201573711133,
          1823.9643538344237
        ],
        [
          1910.2597736314249,
          1837.328908590622
        ],
        [
          1932.0499066064729,
          1819.683606826232
        ]
      ],
      "x1": 1872.5832318732696,
      "y1": 1709.4998649506363,
      "x2": 1987.3542388824933,
      "y2": 1837.328908590622,
      "wordVec": [
        1999.6948437085946,
        1867.8371289127363,
        2022.7874267447353,
        1592.3394174627326
      ],
      "inclination": 106.14194290914557,
      "ringCenter": {
        "cx": 1803.644704942738,
        "cy": 1519.0380730929426
      },
      "attribute": [
        "t-3"
      ],
      "tokenIdx": 6,
      "token": "ytedar"
    },
    {
      "id": 5,
      "shape": "poly",
      "polygon": [
        [
          2408.185528159547,
          1650.5384289964964
        ],
        [
          2453.3073387158893,
          1647.1461277082567
        ],
        [
          2449.815410207372,
          1621.0115461298926
        ],
        [
          2401.932239815698,
          1619.5938169920496
        ],
        [
          2378.33423485219,
          1584.28109165115
        ],
        [
          2340.1707525329575,
          1558.3534138646628
        ],
        [
          2318.999466886754,
          1566.9261449542153
        ],
        [
          2313.683651007964,
          1591.9776379127659
        ],
        [
          2323.1938545625762,
          1669.1450285219678
        ],
        [
          2359.0021352789054,
          1686.9597717371323
        ],
        [
          2374.262422450614,
          1681.0130144054363
        ],
        [
          2390.036144426352,
          1725.4221357171948
        ],
        [
          2407.8048987070406,
          1735.4304753731903
        ],
        [
          2424.4190466535156,
          1718.4740375573622
        ]
      ],
      "x1": 2313.683651007964,
      "y1": 1558.3534138646628,
      "x2": 2453.3073387158893,
      "y2": 1735.4304753731903,
      "wordVec": [
        2468.439889161444,
        1714.946350191646,
        2453.304850816472,
        1301.8023298044607
      ],
      "inclination": 52.46032721345969,
      "ringCenter": {
        "cx": 1803.644704942738,
        "cy": 1519.0380730929426
      },
      "attribute": [
        "p-3"
      ],
      "tokenIdx": 8,
      "token": "opchedaiin"
    }
  ],
  "freeVecs": [
    {
      "a": [
        1620.4420079428082,
        1453.9579416699585
      ],
      "e": [
        1647.6435084348616,
        1259.9205714933112
      ],
      "tokenIdx": 1,
      "token": "oedy"
    },
    {
      "a": [
        1720.1808430803371,
        1845.6595487555267
      ],
      "e": [
        1772.770410698307,
        1441.2639081070004
      ],
      "tokenIdx": 2,
      "token": "soshxor"
    },
    {
      "a": [
        1772.770410698307,
        1408.6221075165363
      ],
      "e": [
        1823.5465449501398,
        1200.0772704107937
      ],
      "tokenIdx": 3,
      "token": "arar"
    },
    {
      "a": [
        2038.8917503219964,
        1567.750885023492
      ],