{
  "folio": "f85v_86r",
  "paraNum": 9,
  "imageWH": [
    3600,
    3578
  ],
  "gallows": [
    {
      "id": 1,
      "shape": "poly",
      "polygon": [
        [
          597.9613600812083,
          2532.51932095004
        ],
        [
          651.4916894022483,
          2597.2808182179365
        ],
        [
          684.3858775769676,
          2571.2223424585886
        ],
        [
          653.6260089304711,
          2515.8762849937098
        ],
        [
          650.7007918851191,
          2475.7794477878433
        ],
        [
          633.563500251844,
          2456.19983623476
        ],
        [
          609.7404450554108,
          2473.508298981988
        ],
        [
          583.914478805169,
          2514.110995475634
        ]
      ],
      "x1": 583.914478805169,
      "y1": 2456.19983623476,
      "x2": 684.3858775769676,
      "y2": 2597.2808182179365,
      "tokenIdx": 0,
      "token": "oko",
      "wordVec": [
        620.0489821629634,
        2648.0106557552826,
        731.8908767642542,
        2559.4730850194137
      ],
      "inclination": -128.36624799145574,
      "ringCenter": {
        "cx": 1799.5976147989595,
        "cy": 1808.6305250623918
      },
      "review": true,
      "attribute": [
        "k-3"
      ]
    },
    {
      "id": 2,
      "shape": "poly",
      "polygon": [
        [
          508.5860159909842,
          1259.436928443615
        ],
        [
          492.55808606589324,
          1303.804533631493
        ],
        [
          582.3264298330981,
          1332.4811664230122
        ],
        [
          602.3290667830457,
          1283.1702717316612
        ],
        [
          655.973249260974,
          1208.4254492133718
        ],
        [
          661.4545693000933,
          1174.3820764576953
        ],
        [
          612.1436746087421,
          1154.3794395077475
        ],
        [
          549.8396992538135,
          1180.903950156681
        ],
        [
          474.6788465432574,
          1185.0222807579053
        ],
        [
          467.44691280311673,
          1208.6768701685482
        ],
        [
          514.7848163396762,
          1239.1615660916354
        ]
      ],
      "x1": 467.44691280311673,
      "y1": 1154.3794395077475,
      "x2": 661.4545693000933,
      "y2": 1332.4811664230122,
      "wordVec": [
        392.4296836689279,
        1292.8993429838013,
        669.526302479318,
        1377.6162810825924
      ],
      "tokenIdx": 2,
      "token": "docfhhy",
      "inclination": -73,
      "ringCenter": {
        "cx": 1799.5976147989595,
        "cy": 1808.6305250623918
      },
      "review": true,
      "attribute": [
        "f-3"
      ]
    },
    {
      "id": 3,
      "shape": "poly",
      "polygon": [
        [
          938.4541907989478,
          644.371880721118
        ],
        [
          888.1081773267429,
          685.1412785659304
        ],
        [
          919.067051760465,
          725.2439690595602
        ],
        [
          973.164154770112,
          696.5934389620442
        ],
        [
          1035.196236422128,
          672.1267979694553
        ],
        [
          1050.2751489997095,
          640.2127631158443
        ],
        [
          1017.8785316504527,
          605.8212659275941
        ],
        [
          964.3883484924256,
          612.761305793317
        ]
      ],
      "x1": 888.1081773267429,
      "y1": 605.8212659275941,
      "x2": 1050.2751489997095,
      "y2": 725.2439690595602,
      "tokenIdx": 3,
      "token": "okedy",
      "wordVec": [
        840.6724257566625,
        658.3813000942394,
        1012.6003778414121,
        863.2079813089903
      ],
      "inclination": -40.009512782616376,
      "ringCenter": {
        "cx": 1799.5976147989595,
        "cy": 1808.6305250623918
      },
      "attribute": [
        "k-1"
      ]
    },
    {
      "id": 4,
      "shape": "poly",
      "polygon": [
        [
          1640.2097850804735,
          362.8984866418498
        ],
        [
          1621.9890781619738,
          381.65990341181146
        ],
        [
          1633.927904115898,
          395.1033808108009
        ],
        [
          1667.6346178333476,
          396.3362613818518
        ],
        [
          1714.3700728973474,
          423.97695785064747
        ],
        [
          1798.5724543431768,
          399.5614279879039
        ],
        [
          1804.5124977928085,
          372.20099808282436
        ],
        [
          1798.8527209068927,
          346.88592947427276
        ],
        [
          1732.0557337575187,
          327.5668114734462
        ],
        [
          1678.0801199284745,
          353.82883029619865
        ]
      ],
      "x1": 1621.9890781619738,
      "y1": 327.5668114734462,
      "x2": 1804.5124977928085,
      "y2": 423.97695785064747,
      "tokenIdx": 4,
      "token": "okary",
      "wordVec": [
        1597.0215108614998,
        341.8086101150774,
        1653.1429727169907,
        585.4749038025044
      ],
      "review": true,
      "inclination": -12.970230607196598,
      "ringCenter": {
        "cx": 1799.5976147989595,
        "cy": 1808.6305250623918
      },
      "attribute": [
        "exception"
      ]
    },
    {
      "id": 5,
      "shape": "poly",
      "polygon": [
        [
          2406.13884730557,
          477.91954430200866
        ],
        [
          2340.4157096240574,
          455.21414877890675
        ],
        [
          2326.9080862211213,
          490.40271079589843
        ],
        [
          2382.56774370436,
          513.0301281573594
        ],
        [
          2388.009459973298,
          558.0160134645649
        ],
        [
          2412.1236181983386,
          577.3659847523567
        ],
        [
          2416.1995349961862,
          602.9024389947049
        ],
        [
          2440.81378461421,
          611.0892875211929
        ],
        [
          2471.926429833354,
          599.0604566817811
        ],
        [
          2482.301822678192,
          558.8845140503291
        ],
        [
          2472.6497149035486,
          541.3009738495456
        ],
        [
          2448.54629748622,
          538.3569220378652
        ],
        [
          2474.23870805185,
          514.1540448434712
        ],
        [
          2464.4199031462126,
          500.2915455631222
        ],
        [
          2445.8926767056796,
          489.3945797098774
        ],
        [
          2461.6775633963193,
          444.98676395729603
        ],
        [
          2437.2300109092903,
          433.0788745103733
        ]
      ],
      "x1": 2326.9080862211213,
      "y1": 433.0788745103733,
      "x2": 2482.301822678192,
      "y2": 611.0892875211929,
      "tokenIdx": 5,
      "token": "opain",
      "wordVec": [
        2345.0267327456813,
        393.9003221572306,
        2248.6074780610525,
        631.9339479726199
      ],
      "review": true,
      "inclination": 22.05118074954386,
      "ringCenter": {
        "cx": 1799.5976147989595,
        "cy": 1808.6305250623918
      },
      "attribute": [
        "f-3"
      ]
    },
    {
      "id": 6,
      "shape": "poly",