{
  "folio": "f85v_86r",
  "paraNum": 17,
  "imageWH": [
    3600,
    4999
  ],
  "gallows": [
    {
      "id": 1,
      "shape": "poly",
      "polygon": [
        [
          1935.8322458443602,
          2947.200160198681
        ],
        [
          2090.0043333498256,
          2884.5933091973193
        ],
        [
          2069.1245830444245,
          2842.715008898758
        ],
        [
          2045.3759941177846,
          2814.150822359942
        ],
        [
          2040.7169960940178,
          2728.5338625447957
        ],
        [
          2024.566443627877,
          2710.4419510735243
        ],
        [
          1954.118556804692,
          2759.826488073862
        ],
        [
          1954.0753569182343,
          2797.876070220235
        ],
        [
          1818.971260372413,
          2822.454939018452
        ],
        [
          1743.9129753977268,
          2743.416736288975
        ],
        [
          1679.2135657886326,
          2756.660650233227
        ],
        [
          1642.0752633009456,
          2791.814393829325
        ],
        [
          1654.3700976858618,
          2854.610244333939
        ],
        [
          1684.7622435278563,
          2896.499344604116
        ],
        [
          1750.394532738865,
          2899.427583069233
        ],
        [
          1787.5004353117085,
          2892.8110260829144
        ],
        [
          1797.9241105069877,
          2928.0187695370846
        ],
        [
          1732.248621409521,
          2963.1401132183405
        ],
        [
          1751.2140126388285,
          3015.4798886128315
        ],
        [
          1850.085686369841,
          3066.0079046615656
        ],
        [
          1893.867545772883,
          3044.179074796828
        ],
        [
          1894.8544252328697,
          3012.7892495232322
        ],
        [
          1889.197747777502,
          2968.0745105182755
        ]
      ],
      "x1": 1642.0752633009456,
      "y1": 2710.4419510735243,
      "x2": 2090.0043333498256,
      "y2": 3066.0079046615656,
      "tokenIdx": 0,
      "token": "otam",
      "wordVec": [
        2177.844665812674,
        2969.670526466614,
        1916.874786924191,
        2422.4107838931072
      ],
      "attribute": [
        "t-1"
      ]
    },
    {
      "id": 2,
      "shape": "poly",
      "polygon": [
        [
          1743.1284277359377,
          2131.1338409928107
        ],
        [
          1857.341974004743,
          2074.189067432625
        ],
        [
          1839.2986624057364,
          2047.5338399840969
        ],
        [
          1725.1283160233888,
          2066.42903139791
        ],
        [
          1686.1944541473665,
          2007.4078991874128
        ],
        [
          1504.5098593927592,
          2005.2991406222582
        ],
        [
          1507.2814982694672,
          2077.5965866918514
        ],
        [
          1548.1297192215845,
          2126.1562438064184
        ],
        [
          1581.4231035996604,
          2126.1940437070693
        ],
        [
          1579.4655446371085,
          2174.705100949371
        ],
        [
          1596.5543766909711,
          2204.212967061716
        ],
        [
          1657.4034682046474,
          2230.9167943825096
        ],
        [
          1699.2655685457873,
          2224.305637381998
        ],
        [
          1782.8709695403088,
          2315.7196742835
        ],
        [
          1828.5455880762165,
          2302.4541603960183
        ],
        [
          1838.0957835134602,
          2269.171575989557
        ],
        [
          1792.4643648640103,
          2244.387507730665
        ],
        [
          1739.3105095553633,
          2142.544395648077
        ]
      ],
      "x1": 1504.5098593927592,
      "y1": 2005.2991406222582,
      "x2": 1857.341974004743,
      "y2": 2315.7196742835,
      "tokenIdx": 1,
      "token": "opchody",
      "wordVec": [
        1962.7816048498096,
        2204.6287659688724,
        1553.7013148467715,
        1407.9757807794385
      ],
      "attribute": [
        "p-3"
      ]
    },
    {
      "id": 3,
      "shape": "poly",
      "polygon": [
        [
          1392.3886915812739,
          1243.3336579245101
        ],
        [
          1479.9146104867075,
          1232.9693825731104
        ],
        [
          1468.552655703706,
          1186.3456844778666
        ],
        [
          1412.4435620009049,
          1173.9158504477703
        ],
        [
          1399.20504804246,
          1104.4602430703794
        ],
        [
          1365.9548635508418,
          1066.372861023356
        ],
        [
          1310.751649520919,
          1093.896168244113
        ],
        [
          1319.2825655833321,
          1120.5405957210264
        ],
        [
          1246.968919556318,
          1137.5808279026244
        ],
        [
          1177.5835119944215,
          1088.988770873214
        ],
        [
          1089.0977135580374,
          1106.9618826567264
        ],
        [
          1089.0005138135073,
          1192.5734424860652
        ],
        [
          1113.6873823278688,
          1232.5535836659544
        ],
        [
          1176.4454329318326,
          1253.5521336591146
        ],
        [
          1149.7524055826532,
          1304.8888296361977
        ],
        [
          1171.581235447391,
          1348.6706890392395
        ],
        [
          1202.9440607919512,
          1373.4385573407096
        ],
        [
          1289.5209001380483,
          1361.17072288483
        ],
        [
          1309.521770699607,
          1339.3148930910556
        ],
        [
          1306.7447318370919,
          1271.7736447897598
        ]
      ],
      "x1": 1089.0005138135073,
      "y1": 1066.372861023356,
      "x2": 1479.9146104867075,
      "y2": 1373.4385573407096,
      "tokenIdx": 2,
      "token": "oteey",
      "wordVec": [
        1533.073865781162,
        1330.0562968874021,
        1237.9263227849533,
        723.7808220892059
      ],
      "attribute": [
        "t-1"
      ]
    },
    {
      "id": 4,
      "shape": "poly",
      "polygon": [
        [
          2895.0041181869783,
          4153.828342022725
        ],
        [
          2945.4673344060257,
          4112.031041511272
        ],
        [
          3030.1676145766787,
          4076.931297773245
        ],
        [
          2992.1504323451495,
          4048.3509112770084
        ],
        [
          2845.603381229219,
          4097.64904850443
        ],
        [
          2798.1062033759395,
          4040.520675426799
        ],
        [
          2757.220182523172,
          4025.2544026903074
        ],
        [
          2691.5716933547415,
          4036.59475753008
        ],
        [
          2631.6932813436306,
          3992.76969824058
        ],
        [
          2550.783919424516,
          4040.239876164823
        ],
        [
          2561.15899474753,
          4118.2533995336635
        ],
        [
          2602.0126156854544,
          4162.056858879934
        ],
        [
          2656.239750227004,
          4156.410981396181
        ],
        [
          2682.8139778884242,
          4209.7106363216235
        ],
        [
          2721.7478397644472,
          4268.73176853212
        ],
        [
          2761.673981086264,
          4291.606877700725
        ],
        [
          2819.729833780003,
          4265.038050025112
        ],
        [
          2872.953888904144,
          4305.050591119844
        ],
        [
          2944.3238553576293,
          4281.3506020654695
        ],
        [
          2938.6617779164544,
          4241.39206082881
        ],
        [
          2900.6337957133105,
          4222.324069869165
        ]
      ],
      "x1": 2550.783919424516,