{
  "folio": "f85v_86r",
  "paraNum": 12,
  "imageWH": [
    3600,
    3600
  ],
  "gallows": [
    {
      "id": 1,
      "shape": "poly",
      "polygon": [
        [
          1872.4274236450551,
          3298.6917621135417
        ],
        [
          1877.7785429352366,
          3251.779720540533
        ],
        [
          1851.4688722399312,
          3253.2184650226523
        ],
        [
          1838.6934953757795,
          3299.480968222842
        ],
        [
          1804.3100287336852,
          3307.694431906112
        ],
        [
          1801.0157809574303,
          3331.0963244948816
        ],
        [
          1771.8448880677493,
          3350.9874565164564
        ],
        [
          1762.0855457056036,
          3391.279591195944
        ],
        [
          1800.119440651374,
          3398.3476682424935
        ],
        [
          1886.1013852126905,
          3384.6737066748583
        ],
        [
          1899.572856361821,
          3344.70634118178
        ],
        [
          1871.8709970965572,
          3333.554810249676
        ],
        [
          1910.6161308984558,
          3318.2418581788443
        ],
        [
          1895.612803442885,
          3304.4607624144533
        ]
      ],
      "x1": 1762.0855457056036,
      "y1": 3251.779720540533,
      "x2": 1910.6161308984558,
      "y2": 3398.3476682424935,
      "wordVec": [
        1942.508578246031,
        3238.740152774568,
        1684.3148204301303,
        3239.8412278965557
      ],
      "tokenIdx": 0,
      "token": "opoor",
      "inclination": 89.75566188928485,
      "ringCenter": {
        "cx": 1806.112402126399,
        "cy": 1801.671414246525
      },
      "review": true,
      "attribute": [
        "p-1"
      ]
    }
  ],
  "freeVecs": [
    {
      "a": [
        1668.463822172418,
        3244.3419328137284
      ],
      "e": [
        1460.9391894217488,
        3222.8688735161527
      ],
      "tokenIdx": 1,
      "token": "daly"
    }
  ],
  "tokenVecs": [
    {
      "tokenIdx": 0,
      "token": "opoor",
      "a": [
        1942.508578246031,
        3238.740152774568
      ],
      "e": [
        1684.3148204301303,
        3239.8412278965557
      ],
      "source": "gallow",
      "gallowId": 1
    },
    {
      "tokenIdx": 1,
      "token": "daly",
      "a": [
        1668.463822172418,
        3244.3419328137284
      ],
      "e": [
        1460.9391894217488,
        3222.8688735161527
      ],
      "source": "free"
    }
  ],
  "savedAt": "2026-07-12T21:03:41.416Z",
  "attributedBy": "Blonzao"
}