{
  "folio": "f85v_86r",
  "paraNum": 29,
  "imageWH": [
    3600,
    2690
  ],
  "gallows": [
    {
      "id": 1,
      "shape": "poly",
      "polygon": [
        [
          3113.6300407202234,
          1075.8695879984693
        ],
        [
          3033.2417261517503,
          870.9263790823401
        ],
        [
          2876.1458941409333,
          961.0424129765869
        ],
        [
          2925.5907786876637,
          1074.7578622003423
        ],
        [
          2869.292684023426,
          1155.9399078580893
        ],
        [
          2941.225258101538,
          1251.1539025568568
        ],
        [
          3023.52154092313,
          1219.7322247889756
        ],
        [
          3127.028511709256,
          1126.7467044178975
        ]
      ],
      "x1": 2869.292684023426,
      "y1": 870.9263790823401,
      "x2": 3127.028511709256,
      "y2": 1251.1539025568568,
      "tokenIdx": 0,
      "token": "kechy",
      "wordVec": [
        3056.2076634292703,
        843.4934476865701,
        2398.6361546772446,
        1146.8607347786105
      ],
      "review": true,
      "attribute": [
        "k-2"
      ]
    },
    {
      "id": 2,
      "shape": "poly",
      "polygon": [
        [
          2896.0770691729012,
          756.09669269474
        ],
        [
          2836.5839592258258,
          629.3032785565234
        ],
        [
          2707.2390533196312,
          702.991101947622
        ],
        [
          2740.415980400499,
          819.4182959766408
        ],
        [
          2670.083425329524,
          928.5115207762964
        ],
        [
          2722.558049390371,
          1019.1007796852463
        ],
        [
          2845.204975484908,
          970.1341428846542
        ],
        [
          2942.0139664593767,
          901.8698091040826
        ],
        [
          2957.3229170672453,
          816.701528439942
        ],
        [
          2918.086510958144,
          746.526715040534
        ]
      ],
      "x1": 2670.083425329524,
      "y1": 629.3032785565234,
      "x2": 2957.3229170672453,
      "y2": 1019.1007796852463,
      "wordVec": [
        2968.4803568999987,
        541.4207417214016,
        2249.9835063281994,
        845.1085348880129
      ],
      "tokenIdx": 3,
      "token": "otedy",
      "review": true,
      "attribute": [
        "t-1"
      ]
    },
    {
      "id": 3,
      "shape": "poly",
      "polygon": [
        [
          1123.9964993862707,
          1465.5545520385433
        ],
        [
          1046.1621879514933,
          1346.7361192788321
        ],
        [
          904.8560656604004,
          1443.0718852385971
        ],
        [
          963.2324270779129,
          1557.2655822084912
        ],
        [
          887.4763823964104,
          1633.8228920764207
        ],
        [
          920.4930564399925,
          1719.7874151955532
        ],
        [
          1007.7345811259728,
          1729.83312923018
        ],
        [
          1215.22928181008,
          1635.2501012176833
        ],
        [
          1229.4214838883859,
          1537.48210338522
        ],
        [
          1194.3315658229642,
          1456.7808168393292
        ],
        [
          1139.7862091059953,
          1471.7742841040617
        ]
      ],
      "x1": 887.4763823964104,
      "y1": 1346.7361192788321,
      "x2": 1229.4214838883859,
      "y2": 1729.83312923018,
      "tokenIdx": 5,
      "token": "oty",
      "review": true,
      "attribute": [
        "t-1"
      ],
      "wordVec": [
        1154.779391361083,
        1238.7121926497316,
        703.8930808198536,
        1483.9562087279935
      ]
    }
  ],
  "freeVecs": [
    {
      "a": [
        2198.953670968639,
        1129.002803768482
      ],
      "e": [
        1021.4510468238577,
        1741.3160978689398
      ],
      "tokenIdx": 1,
      "token": "qolchedar"
    },
    {
      "a": [
        993.7001207192347,
        1757.7443083720882
      ],
      "e": [
        711.2456178086165,
        1880.5590216010642
      ],
      "tokenIdx": 2,
      "token": "ar"
    },
    {
      "a": [
        2108.674872671389,
        841.124811247337
      ],
      "e": [
        1284.2773012170546,
        1182.136019538495
      ],
      "tokenIdx": 4,
      "token": "chdaiin"
    }
  ],
  "tokenVecs": [
    {
      "tokenIdx": 0,
      "token": "kechy",
      "a": [
        3056.2076634292703,
        843.4934476865701
      ],
      "e": [
        2398.6361546772446,
        1146.8607347786105
      ],
      "source": "gallow",
      "gallowId": 1
    },
    {
      "tokenIdx": 1,
      "token": "qolchedar",
      "a": [
        2198.953670968639,
        1129.002803768482
      ],
      "e": [
        1021.4510468238577,
        1741.3160978689398
      ],
      "source": "free"
    },
    {
      "tokenIdx": 2,
      "token": "ar",
      "a": [
        993.7001207192347,
        1757.7443083720882
      ],
      "e": [
        711.2456178086165,
        1880.5590216010642
      ],
      "source": "free"
    },
    {
      "tokenIdx": 3,
      "token": "otedy",
      "a": [
        2968.4803568999987,
        541.4207417214016
      ],
      "e": [
        2249.9835063281994,
        845.1085348880129
      ],
      "source": "gallow",
      "gallowId": 2
    },
    {
      "tokenIdx": 4,
      "token": "chdaiin",
      "a": [
        2108.674872671389,
        841.124811247337
      ],
      "e": [
        1284.2773012170546,
        1182.136019538495
      ],
      "source": "free"
    },
    {
      "tokenIdx": 5,
      "token": "oty",
      "a": [
        1154.779391361083,
        1238.7121926497316
      ],
      "e": [
        703.8930808198536,
        1483.9562087279935
      ],
      "source": "gallow",
      "gallowId": 3
    }
  ],
  "savedAt": "2026-07-18T02:01:21.470Z",
  "attributedBy": "Blonzao"
}