{
  "folio": "f85v_86r",
  "paraNum": 28,
  "imageWH": [
    3600,
    3547
  ],
  "gallows": [
    {
      "id": 1,
      "shape": "poly",
      "polygon": [
        [
          1058.6283554249198,
          466.8412465483856
        ],
        [
          1012.1772992721194,
          495.5418689062964
        ],
        [
          1028.1042430229709,
          543.6893680174605
        ],
        [
          1062.9125825409537,
          525.2009743559536
        ],
        [
          1093.4031239966828,
          513.3522078944196
        ],
        [
          1122.3433671275307,
          535.5066791918113
        ],
        [
          1158.2826686177561,
          525.5340712683438
        ],
        [
          1165.2817269771344,
          493.40699204748506
        ],
        [
          1152.1522355602726,
          469.58603038834656
        ],
        [
          1118.4784763641353,
          434.6279278872782
        ],
        [
          1088.8529418606981,
          420.36385614857085
        ],
        [
          1065.0918853947937,
          427.4192013515805
        ],
        [
          1059.9689855734819,
          454.0975205379426
        ]
      ],
      "x1": 1012.1772992721194,
      "y1": 420.36385614857085,
      "x2": 1165.2817269771344,
      "y2": 543.6893680174605,
      "tokenIdx": 0,
      "token": "otedal",
      "wordVec": [
        970.5831879206802,
        462.93554813956445,
        1120.336543154187,
        738.9905773558586
      ],
      "inclination": -28.478789108578376,
      "ringCenter": {
        "cx": 1818.1240141758503,
        "cy": 1785.8166968642254
      },
      "attribute": [
        "t-3"
      ]
    },
    {
      "id": 2,
      "shape": "poly",
      "polygon": [
        [
          638.3677702446555,
          814.8553747985587
        ],
        [
          601.2167842270574,
          859.9231246356055
        ],
        [
          624.5863468078546,
          872.1463277748192
        ],
        [
          657.9697830898793,
          838.0552048389158
        ],
        [
          692.8117274178366,
          849.1737432591365
        ],
        [
          716.5638898176896,
          835.3079212874921
        ],
        [
          744.5084010395939,
          824.8980049919037
        ],
        [
          764.5639694634126,
          802.7040628896378
        ],
        [
          752.0578787567987,
          773.0315988297058
        ],
        [
          698.166253943114,
          744.4494212427082
        ],
        [
          656.4690757765258,
          752.3239857947353
        ],
        [
          600.5234758192375,
          762.5354130577666
        ],
        [
          587.4362962610103,
          786.9530628440764
        ]
      ],
      "x1": 587.4362962610103,
      "y1": 744.4494212427082,
      "x2": 764.5639694634126,
      "y2": 872.1463277748192,
      "wordVec": [
        552.5655954409364,
        835.6608291436776,
        748.8695469313315,
        990.4401414201861
      ],
      "tokenIdx": 1,
      "token": "opaiin",
      "inclination": -51.74536426676835,
      "ringCenter": {
        "cx": 1818.1240141758503,
        "cy": 1785.8166968642254
      },
      "attribute": [
        "p-1"
      ]
    },
    {
      "id": 3,
      "shape": "poly",
      "polygon": [
        [
          292.54597642534685,
          1406.6581941584507
        ],
        [
          283.2698333018933,
          1480.897720875213
        ],
        [
          345.693557638111,
          1483.9012096743668
        ],
        [
          361.74458935548745,
          1410.1354293182499
        ],
        [
          389.19465291071737,
          1387.546066550581
        ],
        [
          385.07274393640927,
          1349.1329440639684
        ],
        [
          347.22811708257126,
          1345.1249867255692
        ],
        [
          300.3061311947353,
          1354.098310942241
        ],
        [
          269.7386272044425,
          1362.8536487056774
        ],
        [
          275.5945109860515,
          1395.9416095892807
        ]
      ],
      "x1": 269.7386272044425,
      "y1": 1345.1249867255692,
      "x2": 389.19465291071737,
      "y2": 1483.9012096743668,
      "tokenIdx": 3,
      "token": "otchdy",
      "wordVec": [
        237.7975744049708,
        1488.6108166452293,
        568.6963856047854,
        1507.6647058883748
      ],
      "inclination": -90,
      "ringCenter": {
        "cx": 1818.1240141758503,
        "cy": 1785.8166968642254
      },
      "review": true,
      "attribute": [
        "t-1"
      ]
    },
    {
      "id": 4,
      "shape": "poly",
      "polygon": [
        [
          252.5164502215906,
          1893.4052483550493
        ],
        [
          259.03402560288197,
          1957.0417368067235
        ],
        [
          303.6856819706825,
          1944.0609179583403
        ],
        [
          309.0225826244519,
          1910.1156620465995
        ],
        [
          309.00084985877226,
          1877.06713383238
        ],
        [
          334.44349221831794,
          1856.283413162043
        ],
        [
          331.9720578587136,
          1833.2850392050013
        ],
        [
          312.53342873465857,
          1815.8803469746304
        ],
        [
          282.1696504215843,
          1823.715847945104
        ],
        [
          242.89292704749334,
          1860.5863352566303
        ]
      ],
      "x1": 242.89292704749334,
      "y1": 1815.8803469746304,
      "x2": 334.44349221831794,
      "y2": 1957.0417368067235,
      "tokenIdx": 4,
      "token": "okchy",
      "wordVec": [
        215.9570758971646,
        1987.6622961926982,
        473.61441068808756,
        1939.036551367832
      ],
      "review": true,
      "inclination": -96.5,
      "ringCenter": {
        "cx": 1818.1240141758503,
        "cy": 1785.8166968642254
      },
      "attribute": [
        "k-1"
      ]
    },
    {
      "id": 5,
      "shape": "poly",
      "polygon": [
        [
          357.59416611241096,
          2263.6118209001993
        ],
        [
          366.2233159861319,
          2326.2204249054817
        ],
        [
          418.3173896143433,
          2310.7894572892574
        ],
        [
          419.86339796065676,
          2277.7491714297907
        ],
        [
          416.68148878598305,
          2257.4423454384005
        ],
        [
          448.27730511994656,
          2225.417264465353
        ],
        [
          445.2404252147614,
          2200.817608761441
        ],
        [
          426.28526468213596,
          2189.4329027674394
        ],
        [
          399.70742440813615,
          2200.1388644473677
        ],
        [
          366.47279566112155,
          2217.0665267918457
        ]
      ],
      "x1": 357.59416611241096,
      "y1": 2189.4329027674394,
      "x2": 448.27730511994656,
      "y2": 2326.2204249054817,
      "tokenIdx": 5,
      "token": "chkeedy",
      "wordVec": [
        297.77587392201497,
        2367.7448313691807,
        598.7148647763645,
        2288.519004651233
      ],
      "inclination": -104.74914581345713,
      "ringCenter": {
        "cx": 1818.1240141758503,
        "cy": 1785.8166968642254
      },
      "attribute": [
        "k-1"
      ]
    },
    {
      "id": 6,
      "shape": "poly",