{
  "folio": "f85v_86r",
  "paraNum": 15,
  "imageWH": [
    3600,
    3608
  ],
  "gallows": [
    {
      "id": 1,
      "shape": "poly",
      "polygon": [
        [
          1045.226811656505,
          2252.709788491357
        ],
        [
          1118.6834847247858,
          2236.489599666058
        ],
        [
          1100.96704824697,
          2190.6360009988953
        ],
        [
          1048.2193069615387,
          2197.5036396891214
        ],
        [
          1027.5368791067322,
          2164.9572463263526
        ],
        [
          992.045697509407,
          2165.4277246872794
        ],
        [
          960.5144718670109,
          2139.775473942779
        ],
        [
          909.7334565950227,
          2154.5312198292127
        ],
        [
          916.0988122106711,
          2222.066511714729
        ],
        [
          983.591697811319,
          2282.7394656956276
        ],
        [
          1065.8615324408347,
          2360.6742801502414
        ],
        [
          1077.2126133030024,
          2338.9925869318877
        ],
        [
          1047.6746176020924,
          2279.3294998857527
        ],
        [
          1044.2328470785665,
          2265.5253122923896
        ]
      ],
      "x1": 909.7334565950227,
      "y1": 2139.775473942779,
      "x2": 1118.6834847247858,
      "y2": 2360.6742801502414,
      "tokenIdx": 0,
      "token": "ofary",
      "wordVec": [
        1151.66855173483,
        2301.577085605987,
        1054.2891101413416,
        1953.014722891556
      ],
      "inclination": 172,
      "ringCenter": {
        "cx": 1803.6219114713754,
        "cy": 1805.6665271737513
      },
      "review": true,
      "attribute": [
        "f-3"
      ]
    },
    {
      "id": 2,
      "shape": "poly",
      "polygon": [
        [
          922.7098411899493,
          1426.2382646100534
        ],
        [
          1010.7053640267552,
          1409.8235040101367
        ],
        [
          1000.8822361201188,
          1364.915650288839
        ],
        [
          939.1112510282603,
          1363.1120152569592
        ],
        [
          892.2545704346046,
          1336.7193384730203
        ],
        [
          826.2859514801652,
          1344.2573614293144
        ],
        [
          809.5514623761737,
          1372.0778983947287
        ],
        [
          822.2532578442738,
          1417.5430167670288
        ],
        [
          888.5549560643935,
          1445.3107061984151
        ]
      ],
      "x1": 809.5514623761737,
      "y1": 1336.7193384730203,
      "x2": 1010.7053640267552,
      "y2": 1445.3107061984151,
      "tokenIdx": 1,
      "token": "okady",
      "wordVec": [
        1063.2996313571277,
        1471.373502528976,
        959.5320037408568,
        1075.5783383762491
      ],
      "inclination": 165.30911409628763,
      "ringCenter": {
        "cx": 1803.6219114713754,
        "cy": 1805.6665271737513
      },
      "attribute": [
        "k-3"
      ]
    },
    {
      "id": 3,
      "shape": "poly",
      "polygon": [
        [
          2152.406690121277,
          2490.142146455393
        ],
        [
          2236.3386871787898,
          2489.98858733223
        ],
        [
          2256.7896105567015,
          2459.4675904311157
        ],
        [
          2241.65829740384,
          2419.07584909869
        ],
        [
          2177.5069234102925,
          2425.4415328371056
        ],
        [
          2120.0548944710304,
          2364.8048329860458
        ],
        [
          2055.8119805400256,
          2365.926197219889
        ],
        [
          2043.2961913720644,
          2400.2431238432473
        ],
        [
          2063.0930636530074,
          2482.5207662591547
        ],
        [
          2119.767003123888,
          2498.5807503213546
        ]
      ],
      "x1": 2043.2961913720644,
      "y1": 2364.8048329860458,
      "x2": 2256.7896105567015,
      "y2": 2498.5807503213546,
      "tokenIdx": 2,
      "token": "okchdy",
      "wordVec": [
        2256.9660546642285,
        2544.7106673647713,
        2255.4821887657386,
        2159.161643841288
      ],
      "inclination": 179.77948632111844,
      "ringCenter": {
        "cx": 1803.6219114713754,
        "cy": 1805.6665271737513
      },
      "attribute": [
        "k-1"
      ]
    },
    {
      "id": 4,
      "shape": "poly",
      "polygon": [
        [
          2187.4532118988573,
          2103.888678037684
        ],
        [
          2260.8742317188735,
          2100.983523312544
        ],
        [
          2252.794651220506,
          2045.9404685788554
        ],
        [
          2171.45554516931,
          2035.7632046912865
        ],
        [
          2142.476393744046,
          2001.7812151516819
        ],
        [
          2075.642003493031,
          2012.5287556702572
        ],
        [
          2067.9762520543322,
          2065.00983099658
        ],
        [
          2124.572818067583,
          2119.866157983833
        ],
        [
          2167.824537283945,
          2114.4545375056728
        ]
      ],
      "x1": 2067.9762520543322,
      "y1": 2001.7812151516819,
      "x2": 2260.8742317188735,
      "y2": 2119.866157983833,
      "wordVec": [
        2262.251108643699,
        2118.0249850408422,
        2245.4611106657617,
        1844.0301407258871
      ],
      "tokenIdx": 3,
      "token": "kary",
      "inclination": 176.49338434204316,
      "ringCenter": {
        "cx": 1803.6219114713754,
        "cy": 1805.6665271737513
      },
      "review": true,
      "attribute": [
        "k-3"
      ]
    }
  ],
  "freeVecs": [
    {
      "a": [
        2221.6580801796686,
        1684.8737254677967
      ],
      "e": [
        2141.2666181073846,
        1337.717876614308
      ],
      "tokenIdx": 4,
      "token": "oraiin"
    },
    {
      "a": [
        2147.7516320410427,
        1288.056831572244
      ],
      "e": [
        2098.2005630365484,
        1110.6925193046407
      ],
      "tokenIdx": 5,
      "token": "eey"
    }
  ],
  "tokenVecs": [
    {
      "tokenIdx": 0,
      "token": "ofary",
      "a": [
        1151.66855173483,
        2301.577085605987
      ],
      "e": [
        1054.2891101413416,
        1953.014722891556
      ],
      "source": "gallow",
      "gallowId": 1
    },
    {
      "tokenIdx": 1,
      "token": "okady",
      "a": [
        1063.2996313571277,
        1471.373502528976
      ],
      "e": [
        959.5320037408568,
        1075.5783383762491
      ],
      "source": "gallow",
      "gallowId": 2
    },
    {
      "tokenIdx": 2,
      "token": "okchdy",
      "a": [
        2256.9660546642285,
        2544.7106673647713
      ],
      "e": [
        2255.4821887657386,
        2159.161643841288
      ],
      "source": "gallow",
      "gallowId": 3
    },
    {
      "tokenIdx": 3,
      "token": "kary",
      "a": [
        2262.251108643699,
        2118.0249850408422
      ],
      "e": [
        2245.4611106657617,
        1844.0301407258871
      ],
      "source": "gallow",
      "gallowId": 4
    },
    {
      "tokenIdx": 4,
      "token": "oraiin",
      "a": [
        2221.6580801796686,
        1684.8737254677967
      ],
      "e": [
        2141.2666181073846,
        1337.717876614308
      ],
      "source": "free"
    },
    {
      "tokenIdx": 5,
      "token": "eey",
      "a": [
        2147.7516320410427,
        1288.056831572244
      ],
      "e": [
        2098.2005630365484,
        1110.6925193046407
      ],
      "source": "free"
    }
  ],
  "savedAt": "2026-07-17T22:02:21.815Z",
  "attributedBy": "Blonzao"
}