{
  "folio": "f85v_86r",
  "paraNum": 30,
  "imageWH": [
    3600,
    3141
  ],
  "gallows": [
    {
      "id": 1,
      "shape": "poly",
      "polygon": [
        [
          1618.890247312288,
          1661.36412157643
        ],
        [
          1498.8614869755063,
          1562.1511734531753
        ],
        [
          1483.186267939373,
          1638.813420656303
        ],
        [
          1590.8336134075655,
          1733.0330607055898
        ],
        [
          1592.083614590544,
          1858.0130476582183
        ],
        [
          1719.2546896311635,
          1958.4128747772693
        ],
        [
          1788.5077893106095,
          1912.6726036520229
        ],
        [
          1810.3211139583855,
          1728.405092438824
        ],
        [
          1772.9100365327731,
          1653.1965570513364
        ],
        [
          1650.4864774753385,
          1524.2274711169348
        ]
      ],
      "x1": 1483.186267939373,
      "y1": 1524.2274711169348,
      "x2": 1810.3211139583855,
      "y2": 1958.4128747772693,
      "tokenIdx": 1,
      "token": "cpeey",
      "wordVec": [
        1542.3896292837005,
        1485.71367761177,
        1252.1599324376184,
        1907.2154487834948
      ],
      "inclination": 34.549783709066546,
      "ringCenter": {
        "cx": 1805.12522630215,
        "cy": 1352.790411108662
      },
      "attribute": [
        "p-1"
      ]
    },
    {
      "id": 2,
      "shape": "poly",
      "polygon": [
        [
          2483.068245018521,
          1716.8949456301193
        ],
        [
          2320.6561399112197,
          1598.8956442067881
        ],
        [
          2261.9022812903377,
          1696.2895407072
        ],
        [
          2378.8409480922373,
          1805.2643536166681
        ],
        [
          2371.270171394015,
          1903.8240883838157
        ],
        [
          2445.8044526963345,
          1949.9717807743855
        ],
        [
          2505.295687589567,
          1901.1414161142575
        ],
        [
          2566.8938476545472,
          1777.7978108808707
        ]
      ],
      "x1": 2261.9022812903377,
      "y1": 1598.8956442067881,
      "x2": 2566.8938476545472,
      "y2": 1949.9717807743855,
      "tokenIdx": 2,
      "token": "okor",
      "review": true,
      "inclination": 39.5,
      "ringCenter": {
        "cx": 1805.12522630215,
        "cy": 1352.790411108662
      },
      "attribute": [
        "k-2"
      ],
      "wordVec": [
        2340.5715133615604,
        1482.6705281313498,
        2036.757636639998,
        1855.379040121522
      ]
    }
  ],
  "freeVecs": [
    {
      "a": [
        1751.9489129624835,
        595.7466865107633
      ],
      "e": [
        1585.8249236198553,
        1168.997439336493
      ],
      "tokenIdx": 0,
      "token": "osal"
    }
  ],
  "tokenVecs": [
    {
      "tokenIdx": 0,
      "token": "osal",
      "a": [
        1751.9489129624835,
        595.7466865107633
      ],
      "e": [
        1585.8249236198553,
        1168.997439336493
      ],
      "source": "free"
    },
    {
      "tokenIdx": 1,
      "token": "cpeey",
      "a": [
        1542.3896292837005,
        1485.71367761177
      ],
      "e": [
        1252.1599324376184,
        1907.2154487834948
      ],
      "source": "gallow",
      "gallowId": 1
    },
    {
      "tokenIdx": 2,
      "token": "okor",
      "a": [
        2340.5715133615604,
        1482.6705281313498
      ],
      "e": [
        2036.757636639998,
        1855.379040121522
      ],
      "source": "gallow",
      "gallowId": 2
    }
  ],
  "savedAt": "2026-07-18T01:50:43.834Z",
  "attributedBy": "Blonzao"
}