{
  "folio": "f85v_86r",
  "paraNum": 24,
  "imageWH": [
    3600,
    3576
  ],
  "gallows": [
    {
      "id": 1,
      "shape": "poly",
      "polygon": [
        [
          1370.596286002704,
          3346.0107995673893
        ],
        [
          1412.3577617783915,
          3351.2134246253745
        ],
        [
          1417.6838934313216,
          3335.827822277668
        ],
        [
          1372.1523910097058,
          3322.1725424592337
        ],
        [
          1363.1654262122772,
          3296.1892735563815
        ],
        [
          1332.8050249588985,
          3288.9144323713203
        ],
        [
          1313.6675948821685,
          3269.649609876256
        ],
        [
          1290.2219422991418,
          3276.956963071738
        ],
        [
          1284.1795114401834,
          3317.449630687513
        ],
        [
          1314.754413873032,
          3323.670164892131
        ],
        [
          1320.3821554665667,
          3344.578201155333
        ],
        [
          1335.5714555517086,
          3345.472603707021
        ],
        [
          1337.7671782737298,
          3383.249551657311
        ],
        [
          1369.2182843413616,
          3379.766821858472
        ]
      ],
      "x1": 1284.1795114401834,
      "y1": 3269.649609876256,
      "x2": 1417.6838934313216,
      "y2": 3383.249551657311,
      "tokenIdx": 0,
      "token": "ofodady",
      "wordVec": [
        1427.1687704319197,
        3402.5364588926695,
        1488.2652087469448,
        3113.0310416297693
      ],
      "inclination": -168.08331076820642,
      "ringCenter": {
        "cx": 1803.2229878509247,
        "cy": 1758.235401771824
      },
      "attribute": [
        "f-1"
      ]
    },
    {
      "id": 2,
      "shape": "poly",
      "polygon": [
        [
          1800.0624355471423,
          3328.9437805192474
        ],
        [
          1830.121602440646,
          3329.9934697574495
        ],
        [
          1833.1141617655196,
          3313.2443114361427
        ],
        [
          1797.1271366323708,
          3309.5799509988206
        ],
        [
          1788.9911255244092,
          3284.015344036816
        ],
        [
          1776.471244352958,
          3280.568557867421
        ],
        [
          1763.86738804245,
          3279.526505049506
        ],
        [
          1751.8093701358075,
          3262.853685446969
        ],
        [
          1729.376642571738,
          3267.4875654515304
        ],
        [
          1728.8861491018781,
          3298.7700928055383
        ],
        [
          1739.4555237663712,
          3306.3621809857323
        ],
        [
          1738.5737848062815,
          3331.611881176276
        ],
        [
          1752.5823092198825,
          3344.1393987680144
        ],
        [
          1771.715207107905,
          3347.817116569814
        ],
        [
          1774.020692479755,
          3385.216446226343
        ],
        [
          1797.6691440840416,
          3397.4786810364367
        ],
        [
          1799.9765449319884,
          3383.1132622818463
        ],
        [
          1794.3502360993275,
          3354.626713769548
        ]
      ],
      "x1": 1728.8861491018781,
      "y1": 3262.853685446969,
      "x2": 1833.1141617655196,
      "y2": 3397.4786810364367,
      "tokenIdx": 1,
      "token": "opdady",
      "wordVec": [
        1843.4296955367467,
        3379.815348081897,
        1849.989308279512,
        3123.0260876723164
      ],
      "inclination": -178.53671291460185,
      "ringCenter": {
        "cx": 1803.2229878509247,
        "cy": 1758.235401771824
      },
      "attribute": [
        "p-3"
      ]
    },
    {
      "id": 3,
      "shape": "poly",
      "polygon": [
        [
          2425.847227995753,
          3241.1903514207884
        ],
        [
          2469.7729476495206,
          3226.4930112188777
        ],
        [
          2452.0302536888735,
          3181.0489341909874
        ],
        [
          2407.529750638253,
          3192.1326164951774
        ],
        [
          2380.5033159057775,
          3179.6083279112904
        ],
        [
          2357.684760241483,
          3187.243309834361
        ],
        [
          2359.428548205649,
          3215.2046795336137
        ],
        [
          2368.0049443533658,
          3229.4619573185523
        ],
        [
          2376.1823133839457,
          3227.360177537085
        ],
        [
          2377.355637456504,
          3255.5124217844145
        ],
        [
          2392.5953647659244,
          3274.517805992419
        ],
        [
          2420.1749853690235,
          3271.633090245039
        ]
      ],
      "x1": 2357.684760241483,
      "y1": 3179.6083279112904,
      "x2": 2469.7729476495206,
      "y2": 3274.517805992419,
      "tokenIdx": 2,
      "token": "otodey",
      "wordVec": [
        2494.1616947508883,
        3261.4670648866436,
        2410.743037983474,
        3006.4675455855268
      ],
      "inclination": 161.88539180773313,
      "ringCenter": {
        "cx": 1803.2229878509247,
        "cy": 1758.235401771824
      },
      "attribute": [
        "t-1"
      ]
    },
    {
      "id": 4,
      "shape": "poly",
      "polygon": [
        [
          2741.0327565168627,
          3030.5137819508013
        ],
        [
          2799.2753380667145,
          3001.62863793401
        ],
        [
          2769.8778966083028,
          2960.0921967841396
        ],
        [
          2720.804072254274,
          2989.475107017572
        ],
        [
          2701.9814992917327,
          2966.1544597218176
        ],
        [
          2663.3735305417913,
          2970.6888908219175
        ],
        [
          2659.266033112667,
          2984.555569751079
        ],
        [
          2666.367422158566,
          3011.5023030635275
        ],
        [
          2688.8596748127397,
          3023.9319846634517
        ],
        [
          2690.9761073752993,
          3046.7403345175853
        ],
        [
          2709.5261768128194,
          3061.99494636335
        ],
        [
          2742.8022058502715,
          3058.986523521596
        ]
      ],
      "x1": 2659.266033112667,
      "y1": 2960.0921967841396,
      "x2": 2799.2753380667145,
      "y2": 3061.99494636335,
      "tokenIdx": 3,
      "token": "otodedy",
      "inclination": 139.1139484491375,
      "ringCenter": {
        "cx": 1803.2229878509247,
        "cy": 1758.235401771824
      },
      "review": true,
      "attribute": [
        "t-1"
      ],
      "wordVec": [
        2841.773585932018,
        3030.1652145780345,
        2705.6756916743593,
        2770.9735941978724
      ]
    }
  ],
  "freeVecs": [],
  "tokenVecs": [
    {
      "tokenIdx": 0,
      "token": "ofodady",
      "a": [
        1427.1687704319197,
        3402.5364588926695
      ],
      "e": [
        1488.2652087469448,
        3113.0310416297693
      ],
      "source": "gallow",
      "gallowId": 1
    },
    {
      "tokenIdx": 1,
      "token": "opdady",
      "a": [
        1843.4296955367467,
        3379.815348081897
      ],
      "e": [
        1849.989308279512,
        3123.0260876723164
      ],
      "source": "gallow",
      "gallowId": 2
    },
    {
      "tokenIdx": 2,
      "token": "otodey",
      "a": [
        2494.1616947508883,
        3261.4670648866436
      ],
      "e": [
        2410.743037983474,
        3006.4675455855268
      ],
      "source": "gallow",
      "gallowId": 3
    },
    {
      "tokenIdx": 3,
      "token": "otodedy",
      "a": [
        2841.773585932018,
        3030.1652145780345
      ],
      "e": [
        2705.6756916743593,
        2770.9735941978724
      ],
      "source": "gallow",
      "gallowId": 4
    }
  ],
  "savedAt": "2026-07-18T01:48:52.813Z",
  "attributedBy": "Blonzao"
}